hour,temperature,weather_code,is_weekend,road_quality,traffic_volume,accident_risk
6,9.6,1,0,1,955,0
19,22.4,1,0,1,680,0
14,1.8,1,0,1,1130,1
10,-0.7,1,0,1,1167,1
7,19.2,1,0,1,2394,0
20,25.4,1,0,1,868,0
6,36.3,3,0,3,458,0
18,44.2,1,0,1,2625,0
22,33.2,3,0,1,707,0
10,27.3,1,0,1,464,0
10,21.6,2,0,2,702,1
23,4.7,1,0,1,412,0
20,18.5,2,0,1,931,0
3,32.9,1,0,1,100,0
7,29.0,2,0,1,2510,0
23,7.1,1,0,1,131,1
2,26.1,1,0,1,171,0
21,25.3,1,0,3,946,0
20,23.5,3,0,1,1137,0
1,19.7,2,0,2,636,0
23,26.7,1,0,3,100,0
11,27.0,2,0,3,987,0
5,13.6,2,0,3,100,0
1,24.6,3,0,2,100,0
20,18.1,3,0,1,428,0
0,5.1,2,0,1,126,0
11,14.4,1,0,1,761,0
21,4.4,2,0,2,1205,0
11,29.8,1,0,1,831,0
16,23.6,4,0,1,1610,0
9,16.4,1,0,1,2499,0
15,34.2,1,0,2,964,0
14,20.7,1,0,2,947,0
14,5.7,2,0,1,1121,0
18,15.6,3,0,1,2246,0
11,36.3,1,0,1,944,0
22,13.3,2,0,1,1053,0
19,22.8,2,0,1,949,0
2,27.4,2,0,1,401,1
4,25.9,1,0,3,100,1
18,44.5,3,0,1,2123,0
6,8.2,1,0,1,1056,1
20,9.2,2,0,2,808,0
8,8.4,1,0,1,2941,0
6,17.0,1,0,1,728,0
17,31.0,3,0,1,2065,1
3,9.7,1,0,3,108,0
13,31.1,1,0,1,1115,0
17,20.4,2,0,1,2899,0
8,8.9,1,0,3,2655,1
20,2.5,1,0,2,976,0
1,4.7,1,0,1,485,0
19,13.3,1,0,2,881,0
14,18.3,1,0,3,1097,0
6,33.5,1,0,3,1017,1
11,28.0,3,0,3,556,0
7,11.6,1,0,1,2841,1
14,24.1,1,0,1,1248,0
2,36.5,1,0,1,128,0
13,38.7,1,0,1,1205,0
16,16.9,2,0,3,2264,0
3,29.6,2,0,2,392,0
17,33.9,1,0,1,2509,0
7,4.9,1,0,1,2835,0
3,14.9,1,0,1,366,0
1,42.2,2,0,1,100,0
5,17.0,1,0,2,503,0
21,-9.3,1,0,1,911,0
9,18.8,1,0,1,2402,0
3,31.2,2,0,1,305,0
21,20.1,3,0,1,685,0
17,27.2,3,0,3,2358,1
11,29.4,1,0,1,1161,0
1,16.5,1,0,3,100,1
9,14.8,1,0,1,2354,0
3,21.5,2,0,1,100,0
13,21.8,4,0,1,993,0
15,20.5,1,0,2,986,0
14,21.0,1,0,1,804,0
7,12.5,1,0,1,2814,0
13,27.5,1,0,1,1100,0
22,26.0,1,0,1,1037,0
7,6.6,1,0,1,2527,0
20,16.1,1,0,1,728,0
15,20.9,1,0,1,1111,0
12,14.7,2,0,1,916,1
17,26.4,1,0,1,2674,0
14,19.3,1,0,1,1127,0
20,21.7,1,0,3,987,1
23,16.0,3,0,1,213,0
12,0.1,2,0,3,1331,0
8,-0.5,1,0,1,2232,0
14,25.9,1,0,2,885,1
12,22.7,1,0,1,1227,0
0,24.4,2,0,1,597,0
6,21.3,2,0,2,972,1
8,22.1,3,0,2,1860,0
23,29.7,1,0,2,164,0
0,24.4,4,0,2,100,0
11,30.4,4,0,1,1200,0
7,21.7,3,0,1,1970,1
23,17.0,1,0,1,392,0
10,21.9,1,0,2,1095,1
18,11.6,1,0,1,2796,1
16,16.2,1,0,3,2416,0
7,21.8,1,0,1,2430,0
2,21.6,2,0,1,466,0
2,18.9,2,0,1,100,0
0,6.1,3,0,1,538,0
4,26.4,1,0,2,647,1
9,28.3,1,0,1,2549,0
6,36.4,2,0,3,812,1
8,24.4,1,0,2,2670,0
6,20.0,1,0,1,961,1
8,9.9,4,0,2,2028,1
7,34.9,2,0,1,2543,0
11,22.5,1,0,1,868,1
1,21.9,3,0,1,309,0
0,17.5,2,0,1,100,0
15,16.8,2,0,1,560,0
22,26.9,3,0,2,872,0
22,9.8,1,0,1,1208,0
23,36.3,2,0,1,197,0
4,34.1,1,0,1,186,0
2,16.5,1,0,1,429,0
11,11.4,3,0,2,795,0
7,-0.2,1,0,2,2386,1
21,7.5,2,0,1,1061,0
2,27.3,3,0,2,241,0
0,23.2,3,0,1,100,1
2,24.9,3,0,1,218,1
4,1.5,1,0,1,336,0
14,16.0,1,0,1,893,0
13,33.7,1,0,2,1185,0
2,19.0,1,0,1,396,0
0,7.3,1,0,1,244,0
4,18.9,1,0,1,326,0
22,12.3,2,0,1,924,0
13,23.3,4,0,1,755,1
6,20.2,2,0,1,962,0
8,25.4,2,0,3,2145,0
14,7.8,1,0,2,1005,0
14,15.5,1,0,1,1063,0
9,30.9,1,0,2,2992,0
12,6.5,2,0,1,1087,0
18,10.0,1,0,1,2369,0
6,22.0,2,0,1,671,0
16,22.9,1,0,1,2288,0
19,15.1,1,0,2,900,0
3,17.2,1,0,1,203,0
4,25.3,1,0,2,252,0
22,28.5,1,0,1,919,0
6,9.3,2,0,1,953,0
12,23.6,2,0,2,915,0
14,35.1,1,0,1,1003,0
10,18.8,3,0,1,619,0
3,9.2,1,0,1,100,0
12,8.7,4,0,1,752,0
6,18.4,1,0,3,1086,0
18,30.4,2,0,1,2276,0
21,19.6,1,0,1,885,0
1,21.9,1,0,2,270,0
9,10.0,1,0,1,2465,1
12,29.8,1,0,1,1150,0
20,8.5,1,0,1,1187,0
5,15.0,1,0,1,344,0
11,26.3,4,0,1,1041,0
11,-0.4,3,0,1,726,0
19,21.7,2,0,2,1168,0
10,9.6,2,0,1,877,1
22,20.2,4,0,1,859,0
6,16.5,1,0,1,1128,0
0,41.1,1,0,1,311,0
0,16.1,3,0,3,100,1
19,38.4,2,0,1,665,0
12,25.9,1,0,1,1111,0
8,12.0,1,0,1,2445,0
2,23.3,1,0,1,259,0
6,17.0,3,0,1,1100,0
5,22.4,1,0,1,110,0
7,12.9,4,0,1,2148,0
8,36.9,3,0,1,1852,0
4,29.3,2,0,1,264,1
0,20.3,1,0,1,100,1
18,37.3,1,0,1,2351,0
9,20.7,1,0,3,2582,0
11,31.0,1,0,1,1258,0
23,20.4,2,0,3,384,0
14,23.9,1,0,1,1061,0
21,19.2,1,0,2,1509,0
23,21.0,1,0,1,412,0
8,21.7,3,0,1,1813,0
19,13.3,1,0,1,663,0
16,16.0,3,0,1,2075,0
16,17.8,1,0,1,2218,0
19,22.3,1,0,1,799,0
11,19.7,1,0,1,1060,1
6,31.7,1,0,1,1207,0
1,28.5,2,0,1,242,0
2,18.0,1,0,1,100,0
16,33.8,1,0,1,2470,0
4,38.7,2,0,1,245,0
16,-0.4,2,0,1,2523,0
23,29.3,2,0,1,100,0
16,13.1,1,0,1,2332,1
16,28.0,1,0,1,2704,0
1,32.4,4,0,3,392,0
1,11.2,3,0,1,472,0
21,1.5,4,0,3,429,1
22,28.4,1,0,1,822,0
4,21.4,2,0,3,498,0
0,3.3,2,0,2,418,0
0,45.3,1,0,1,381,0
18,26.2,3,0,1,1927,0
1,26.7,2,0,1,175,0
20,33.7,1,0,1,1006,0
11,14.2,1,0,3,910,0
5,21.3,3,0,3,345,0
22,6.8,1,0,2,1007,0
3,13.9,1,0,2,105,0
22,23.9,1,0,3,1126,0
10,3.3,1,0,1,1250,0
23,13.6,3,0,1,504,0
16,10.7,1,0,1,2634,0
5,21.4,1,0,1,437,0
23,25.7,3,0,1,100,0
4,27.4,1,0,1,165,0
19,30.0,1,0,1,966,0
1,33.7,2,0,1,418,0
5,26.1,1,0,2,179,0
21,38.9,1,0,1,938,0
10,21.2,2,0,1,1111,0
15,18.3,3,0,2,827,0
15,26.1,2,0,1,1066,1
0,17.8,4,0,1,100,0
8,38.5,2,0,1,2435,0
5,31.3,2,0,1,206,0
15,27.5,3,0,3,799,0
2,21.3,1,0,1,213,0
19,15.9,1,0,1,886,0
3,27.0,2,0,1,325,0
18,8.7,1,0,2,2919,1
2,35.3,1,0,1,416,0
18,18.2,1,0,2,2143,0
19,23.1,1,0,1,1070,0
6,10.9,1,0,2,897,0
19,27.2,3,0,2,611,1
8,15.5,3,0,2,2140,0
0,26.5,2,0,1,315,0
7,27.6,3,0,2,2497,0
6,13.5,1,0,1,977,0
17,8.8,1,0,2,2454,0
7,35.3,1,0,1,2739,0
0,18.1,2,0,1,304,1
10,22.2,1,0,1,788,0
17,24.9,1,0,1,2323,0
22,7.5,2,0,1,934,0
9,24.6,1,0,1,2631,0
2,21.0,4,0,1,494,1
6,13.6,2,0,2,1160,0
15,8.4,1,0,1,1113,0
15,26.1,1,0,1,1219,0
19,31.3,2,0,2,1124,0
16,21.8,1,0,1,2319,0
1,5.7,1,0,1,255,0
0,9.4,1,0,1,196,0
15,15.7,3,0,1,1052,0
11,35.6,1,0,1,809,0
4,17.5,3,0,1,100,1
4,15.3,3,0,3,273,0
22,3.3,1,0,1,1385,0
8,13.4,2,0,1,2646,0
8,7.7,1,0,2,2708,0
2,10.0,1,0,1,100,0
18,21.2,2,0,1,2633,0
15,16.0,2,0,2,777,0
15,37.0,1,0,1,1146,0
2,30.8,3,0,3,100,0
19,13.9,2,0,1,932,0
23,10.8,3,0,2,100,0
21,33.8,1,0,1,823,0
23,36.6,3,0,1,100,1
0,-1.9,1,0,1,430,0
23,20.9,1,0,3,318,0
19,17.5,2,0,2,906,0
10,26.5,2,0,1,1023,0
16,39.4,1,0,3,2333,0
7,15.2,1,0,1,2564,1
3,-0.6,1,0,1,284,0
5,25.8,2,0,1,756,0
7,33.9,1,0,2,2826,0
19,17.0,1,0,2,1188,0
2,12.9,1,0,1,358,0
15,15.6,4,0,3,884,0
2,28.5,2,0,1,548,0
17,15.5,2,0,1,2557,0
13,23.3,3,0,1,869,1
17,20.3,1,0,3,2384,0
1,19.2,1,0,1,162,0
21,27.0,1,0,1,978,0
2,15.2,2,0,1,100,0
15,15.7,1,0,1,994,0
8,28.0,1,0,1,2451,0
3,10.1,1,0,1,475,0
0,11.2,1,0,3,544,0
3,7.4,1,0,1,814,0
0,28.5,4,0,1,355,0
13,18.9,2,0,2,1030,0
20,6.9,3,0,1,686,0
15,28.5,4,0,3,590,1
19,14.4,1,0,1,1182,0
23,11.3,1,0,1,294,0
7,18.0,2,0,1,2584,0
6,34.8,3,0,2,803,0
2,16.1,1,0,3,308,0
16,25.8,4,0,1,2043,0
0,27.3,1,0,1,384,0
15,24.4,1,0,1,1188,0
11,32.7,2,0,1,753,0
18,12.9,1,0,1,2617,0
21,9.6,1,0,1,742,0
22,9.4,1,0,1,1140,0
21,18.6,1,0,1,1064,0
13,10.5,2,0,2,984,0
5,21.5,3,0,1,232,0
5,20.8,3,0,1,267,0
12,30.2,2,0,1,1218,0
18,22.9,1,0,1,2700,0
21,15.8,1,0,2,1177,1
7,24.1,1,0,1,2230,0
1,9.7,1,0,1,415,0
20,19.6,1,0,1,520,0
0,23.2,3,0,2,100,0
14,21.3,3,0,1,1024,0
0,24.2,1,0,1,100,0
4,13.6,2,0,1,264,0
15,31.5,1,0,1,1280,0
18,38.2,2,0,1,2616,0
3,4.0,2,0,1,374,0
2,7.8,1,0,2,289,1
16,20.4,1,0,2,2525,0
16,17.4,3,0,1,1874,1
11,39.0,2,0,1,904,1
13,22.2,3,0,1,817,1
20,33.9,3,0,1,846,0
5,-0.5,4,0,1,208,0
2,28.1,1,0,1,100,0
8,12.8,1,0,1,2812,0
4,12.7,1,0,1,487,0
23,17.5,1,0,1,259,0
16,5.8,1,0,1,2693,0
13,24.4,2,0,1,928,0
20,21.9,1,0,3,1063,0
2,22.7,1,0,1,100,0
0,28.9,3,0,2,291,0
19,35.1,1,0,1,943,0
20,16.4,1,0,2,1043,0
22,24.8,2,0,1,1341,0
0,22.9,2,0,3,296,1
2,23.8,1,0,1,208,0
17,23.9,1,0,1,2410,0
9,35.9,2,0,1,2216,0
21,15.4,1,0,1,1080,1
2,4.7,1,0,1,406,0
7,13.0,2,0,1,2513,0
13,27.6,1,0,1,1183,0
23,20.2,1,0,1,485,0
17,15.3,1,0,1,2513,0
14,9.2,4,0,1,917,0
21,22.2,4,0,1,1234,0
22,26.4,1,0,3,835,1
1,23.1,1,0,3,454,0
9,17.5,1,0,2,2517,0
1,21.5,1,0,2,509,0
16,21.4,1,0,1,2341,0
7,21.9,2,0,3,2540,0
0,8.2,1,0,1,164,0
8,22.0,1,0,1,2146,0
10,15.6,1,0,2,1280,0
21,30.4,1,0,1,913,0
15,21.3,1,0,1,831,0
6,28.4,1,0,1,884,0
9,17.0,2,0,1,2864,0
22,17.3,2,0,1,1262,0
2,34.9,1,0,1,256,1
17,24.4,1,0,1,2672,0
23,12.9,1,0,1,100,0
12,29.0,1,0,1,1104,0
6,14.7,2,0,1,913,0
3,22.3,1,0,3,387,0
12,38.4,2,0,1,725,0
19,5.7,2,0,2,880,0
0,18.2,3,0,1,276,0
7,24.1,4,0,1,2034,1
13,27.6,1,0,1,707,0
15,7.6,4,0,1,605,1
13,4.6,2,0,1,1084,0
11,30.9,2,0,1,1061,0
18,12.8,1,0,1,2631,0
22,12.4,3,0,1,838,0
14,35.5,1,0,1,789,0
1,20.7,3,0,3,169,0
1,20.8,1,0,1,406,0
22,18.2,2,0,2,799,0
21,7.8,1,0,2,774,0
18,26.8,1,0,1,2439,0
21,24.1,1,0,2,1054,0
21,21.7,1,0,3,631,0
16,18.8,1,0,1,2451,1
19,17.1,1,0,1,1103,0
9,29.1,2,0,1,2643,0
5,18.6,3,0,1,100,0
14,19.4,2,0,1,1074,0
21,25.3,1,0,3,1198,0
10,22.1,1,0,2,1121,0
4,36.4,1,0,1,217,0
0,2.4,3,0,1,100,0
7,23.0,3,0,3,2041,0
20,12.9,1,0,1,1315,1
11,10.6,1,0,1,1164,0
11,15.4,3,0,1,950,0
4,20.5,3,0,1,273,0
6,21.0,3,0,1,979,1
3,4.8,3,0,1,300,0
5,14.6,1,0,1,100,1
12,22.8,1,0,1,1178,0
19,11.2,1,0,1,827,0
14,8.9,1,0,1,1013,0
2,-2.6,1,0,2,447,0
22,13.4,1,0,1,850,0
7,8.5,1,0,1,2302,0
19,10.2,1,0,1,1095,0
15,17.3,1,0,1,777,0
12,14.0,1,0,3,961,0
17,8.3,1,0,1,2725,0
9,-1.2,3,0,1,2325,0
18,23.0,3,0,2,1643,0
16,27.5,1,0,1,2456,1
23,16.0,1,0,1,554,0
18,17.3,1,0,1,2420,0
22,20.0,2,0,2,1158,0
4,35.8,1,0,1,473,0
20,4.3,1,0,2,877,0
22,15.9,3,0,1,885,0
8,2.8,1,0,1,2597,0
11,23.6,1,0,3,1182,0
20,18.6,1,0,1,674,0
0,22.0,1,0,2,558,0
0,21.5,1,0,2,437,0
14,29.9,3,0,3,573,0
1,25.4,1,0,1,274,0
21,28.3,2,0,1,1167,0
15,9.3,1,0,2,784,0
7,31.9,1,0,1,2315,0
12,12.8,1,0,1,1003,0
20,13.4,1,0,1,912,0
0,22.7,1,0,1,350,0
15,23.0,1,0,1,1164,0
6,9.3,3,0,1,854,0
4,18.3,1,0,1,297,0
21,34.9,1,0,1,1165,0
22,5.3,1,0,1,979,1
2,34.9,1,0,2,150,0
11,17.6,1,0,2,1231,0
15,-3.4,1,0,1,516,1
18,6.3,1,0,1,2512,0
4,10.4,1,0,1,227,0
21,13.8,2,0,1,815,0
13,19.0,1,0,2,1059,0
4,-7.0,1,0,2,391,0
14,21.9,2,0,2,834,0
16,9.4,4,0,1,1720,0
13,33.9,2,0,1,738,1
19,17.3,1,0,1,1362,0
4,29.4,2,0,1,684,0
11,31.1,1,0,1,1005,0
15,30.8,1,0,1,725,0
15,14.3,3,0,1,770,0
20,14.2,1,0,1,559,0
6,17.8,4,0,1,862,0
3,26.4,2,0,1,101,0
0,14.9,2,0,3,100,1
4,18.8,2,0,1,495,0
22,22.7,1,0,1,969,0
9,11.0,1,0,1,2673,0
21,10.3,3,0,3,1041,1
4,18.4,2,0,1,282,0
3,19.7,3,0,2,238,1
1,24.3,3,0,1,451,0
19,26.7,4,0,2,692,1
9,9.0,2,0,1,2730,0
18,11.9,1,0,1,2095,0
0,10.3,1,0,1,229,0
23,34.1,2,0,1,337,0
4,18.8,1,0,2,100,1
12,20.2,1,0,1,1073,0
3,20.6,1,0,1,334,0
15,12.8,3,0,3,653,0
23,35.6,3,0,1,100,0
15,24.1,2,0,3,825,0
22,20.4,1,0,1,686,0
1,8.9,2,0,3,622,1
16,8.4,2,0,1,2457,1
19,16.9,1,0,1,729,0
23,13.0,1,0,1,275,0
11,9.3,1,0,1,1047,0
17,16.3,1,0,1,2336,0
2,17.8,2,0,1,227,0
0,21.4,1,0,3,560,0
0,15.0,4,0,3,100,0
18,9.9,1,0,3,2383,0
10,10.3,1,0,3,598,0
4,32.1,1,0,2,664,0
11,7.5,1,0,3,1131,0
2,23.6,1,0,2,290,0
0,25.2,1,0,1,156,0
0,18.8,1,0,2,146,0
7,37.7,1,0,3,2446,0
9,25.0,2,0,2,2599,0
10,38.4,1,0,1,787,0
11,13.5,1,0,1,907,0
12,13.7,2,0,2,1171,0
11,25.3,1,0,3,1321,0
13,17.4,3,0,1,908,0
1,36.9,3,0,1,107,0
18,23.4,1,0,1,2468,0
17,9.6,3,0,1,2082,0
2,2.6,2,0,1,241,0
22,19.2,3,0,1,942,0
16,19.1,2,0,3,2353,0
7,23.1,1,0,1,2822,0
9,32.1,3,0,1,1982,1
1,30.8,1,0,3,173,0
18,14.2,1,0,1,2618,0
8,7.1,1,0,1,2304,0
6,7.7,1,0,1,1029,0
3,12.6,1,0,1,580,0
20,16.3,2,0,2,756,0
17,23.1,3,0,3,2238,0
12,12.0,1,0,1,741,0
10,22.8,4,0,1,964,0
23,23.6,3,0,1,100,0
3,21.4,1,0,2,538,1
20,8.7,1,0,2,884,0
3,24.7,3,0,1,168,0
9,40.8,2,0,1,2312,1
4,22.5,2,0,3,100,0
8,-9.5,2,0,3,2271,0
23,32.4,1,0,1,100,0
2,13.0,1,0,2,100,0
16,42.7,1,0,1,2558,0
2,21.2,1,0,1,604,0
15,3.2,2,0,1,1359,0
3,-0.6,3,0,1,100,0
17,35.4,1,0,1,2478,0
16,31.1,4,0,1,2232,1
6,42.3,1,0,1,737,0
23,20.1,2,0,1,540,0
22,19.4,2,0,1,1244,0
4,16.2,4,0,1,100,0
11,13.4,2,0,2,528,0
16,16.1,1,0,1,2419,1
22,22.2,4,0,1,987,0
12,11.6,2,0,3,696,0
22,3.3,1,0,1,592,0
2,21.6,2,0,1,312,0
8,11.3,3,0,1,2126,0
16,-12.4,1,0,2,2363,0
16,25.5,1,0,2,2380,0
19,8.9,3,0,1,925,1
15,26.6,2,0,1,826,0
21,26.4,1,0,1,841,0
12,22.8,1,0,3,1055,1
18,45.0,1,0,1,2577,0
16,18.6,2,0,2,2455,1
3,17.1,3,0,1,536,0
11,26.8,1,0,1,1149,0
8,19.4,1,0,3,2429,1
18,31.6,1,0,2,2241,0
11,7.3,2,0,1,1198,0
8,7.5,1,0,1,2705,0
6,27.7,1,0,1,980,0
13,8.4,1,0,1,1055,0
19,26.1,2,0,1,1140,1
18,23.7,1,0,1,2820,0
14,13.1,1,0,1,1177,0
15,23.7,3,0,1,889,0
20,7.7,1,0,1,1185,1
4,10.0,1,0,1,530,0
2,17.6,3,0,1,294,0
11,20.8,1,0,2,1183,0
19,17.0,1,0,1,864,0
20,24.3,1,0,1,1207,0
3,23.9,2,0,1,166,0
20,35.3,1,0,1,798,1
22,19.0,3,0,1,774,0
15,31.9,1,0,1,731,0
6,29.2,1,0,1,880,0
12,42.9,2,0,2,1075,0
20,18.7,4,0,3,855,0
9,15.8,1,0,1,2627,1
6,32.6,3,0,1,931,0
13,23.9,1,0,1,1074,0
4,32.8,1,0,1,129,0
2,27.2,1,0,1,484,1
22,-1.1,2,0,1,978,0
10,23.8,1,0,1,1048,0
10,23.1,1,0,3,1020,0
17,21.3,1,0,1,2814,0
14,18.7,1,0,1,761,0
11,4.1,3,0,2,731,0
8,28.7,4,0,1,2106,0
9,23.7,2,0,1,2504,1
11,31.0,1,0,1,903,0
16,4.6,1,0,1,2116,0
5,25.1,2,0,1,242,1
6,17.7,4,0,1,872,0
13,21.4,1,0,1,1108,0
12,17.8,3,0,1,766,0
7,25.4,4,0,3,2035,0
9,18.4,3,0,1,1771,0
8,9.5,1,0,1,2577,0
17,20.9,1,0,3,2501,0
1,17.9,1,0,1,333,0
4,19.2,1,0,1,256,0
4,-11.9,1,0,1,342,0
5,26.8,1,0,1,426,0
18,16.9,2,0,1,2551,0
7,6.5,1,0,1,2135,0
15,29.2,1,0,3,1055,0
12,26.4,2,0,1,922,0
0,16.7,2,0,1,158,0
21,8.5,2,0,1,1269,1
19,21.8,1,0,1,813,0
16,21.2,2,0,1,2336,0
6,29.2,1,0,1,551,1
12,15.6,1,0,1,1288,1
3,31.9,2,0,1,478,0
3,14.6,1,0,3,233,0
5,6.5,1,0,2,422,1
18,8.7,1,0,1,2054,0
11,19.4,1,0,2,1095,0
21,19.3,1,0,1,828,0
6,23.3,3,0,2,1134,0
9,19.1,1,0,1,2573,0
18,29.8,4,0,1,2026,1
6,17.4,1,0,2,835,0
2,0.0,1,0,1,137,0
12,18.8,1,0,2,1118,0
12,-0.1,1,0,1,833,0
17,22.7,2,0,1,2326,0
19,30.6,1,0,1,1281,0
7,10.1,1,0,3,2557,0
8,34.2,2,0,1,2280,0
6,28.4,1,0,1,1110,0
0,32.1,3,0,2,184,0
2,21.9,2,0,3,100,0
12,10.1,1,0,2,900,0
16,27.8,1,0,1,2290,1
23,13.8,1,0,3,351,0
0,21.2,3,0,2,108,0
5,18.3,1,0,2,318,0
20,31.2,1,0,1,1133,0
5,27.3,1,0,1,772,0
11,19.2,1,0,1,1395,0
12,0.5,1,0,1,1044,0
12,13.6,3,0,1,789,1
14,27.0,1,0,1,880,0
20,22.8,3,0,1,471,0
15,5.0,3,0,1,342,1
21,1.9,1,0,1,831,0
20,22.0,1,0,1,1327,0
10,9.4,1,0,2,1320,0
4,10.4,2,0,1,314,0
3,26.7,1,0,1,393,0
2,32.0,4,0,1,119,0
18,12.5,2,0,1,2493,0
19,19.6,1,0,2,844,0
17,19.3,2,0,1,2344,0
14,18.4,1,0,1,1122,1
8,20.4,3,0,1,1878,0
16,27.6,1,0,2,2598,0
13,13.3,1,0,1,970,0
14,4.7,1,0,1,1283,0
0,36.9,3,0,1,350,0
20,30.9,1,0,1,1048,0
21,9.0,4,0,1,513,1
21,21.4,1,0,1,901,0
2,30.1,1,0,1,289,1
15,27.5,1,0,1,1010,0
22,24.6,1,0,1,1132,0
10,18.3,1,0,1,1041,0
11,37.3,1,0,1,793,0
9,22.2,2,0,1,2618,0
15,14.9,1,0,1,907,0
7,28.7,1,0,2,2370,0
5,21.0,1,0,1,100,0
11,23.5,2,0,1,929,1
23,22.0,1,0,1,188,0
20,25.0,1,0,1,1232,1
7,10.2,1,0,1,2446,0
3,5.5,2,0,1,406,0
7,34.3,3,0,1,1639,1
17,22.5,1,0,3,2648,1
4,27.7,1,0,1,428,0
8,2.4,3,0,1,1708,0
3,30.7,4,0,2,100,0
21,14.8,2,0,1,867,0
16,11.9,4,0,2,1959,1
8,19.4,2,0,1,2359,0
0,10.2,2,0,1,251,1
20,20.0,1,0,1,1130,0
19,18.6,1,0,3,888,0
12,30.6,1,0,2,1059,0
15,35.1,3,0,1,835,0
12,34.8,3,0,1,208,1
13,-2.6,2,0,1,838,0
2,10.6,1,0,1,497,0
5,-2.7,1,0,2,121,0
17,8.1,1,0,1,2285,1
18,13.5,1,0,1,2707,0
4,24.1,2,0,3,330,0
14,14.8,3,0,3,1091,0
1,15.1,1,0,1,207,0
9,21.8,1,0,1,2740,0
23,2.9,2,0,3,122,0
17,11.6,1,0,1,1986,0
12,15.0,3,0,1,934,0
4,18.0,1,0,1,414,0
22,20.8,1,0,2,1134,1
23,35.0,1,0,1,258,0
0,29.1,1,0,1,593,0
21,12.3,1,0,1,1173,0
0,17.4,1,0,3,464,0
17,16.7,1,0,2,2524,1
14,14.9,1,0,2,730,0
16,22.7,1,0,1,2513,0
10,1.4,1,0,3,1071,0
20,28.8,1,0,2,1406,0
21,36.9,2,0,2,1053,0
16,17.3,3,0,3,1790,0
12,17.1,1,0,1,1093,0
0,21.6,1,0,1,551,0
1,30.2,1,0,3,641,0
8,16.8,1,0,2,2478,0
2,29.3,2,0,1,260,1
0,24.9,3,0,1,100,0
20,43.6,2,0,1,879,0
15,16.7,1,0,1,1086,0
22,0.2,1,0,1,695,0
5,5.7,3,0,2,649,0
16,20.1,1,0,1,2428,0
4,30.3,1,0,1,324,0
4,13.5,4,0,1,308,0
5,17.7,2,0,1,525,0
2,26.8,2,0,1,353,1
20,10.3,1,0,1,786,0
22,13.9,1,0,1,1084,0
4,8.3,1,0,1,525,0
20,31.8,2,0,1,821,0
4,35.4,1,0,1,460,0
9,4.2,3,0,1,2050,1
9,18.6,3,0,1,2019,1
18,34.1,1,0,3,2372,1
16,24.0,1,0,1,2455,0
20,15.1,1,0,2,1087,0
13,4.5,2,0,1,915,1
8,31.5,2,0,2,2304,1
13,23.6,2,0,1,795,0
0,5.3,1,0,1,356,1
18,31.9,1,0,1,2597,0
12,4.0,2,0,1,986,1
12,17.8,1,0,1,1363,1
3,17.4,2,0,1,100,1
0,36.2,2,0,2,375,1
16,17.4,1,0,1,2131,0
7,17.4,1,0,1,2479,0
1,6.4,1,0,1,350,0
7,13.6,1,0,2,2464,0
6,11.8,2,0,1,609,0
1,12.3,2,0,1,280,0
21,20.1,3,0,1,800,0
21,-4.3,2,0,1,1179,0
2,4.9,1,0,2,100,0
17,18.9,1,0,2,2788,0
11,21.2,3,0,1,296,0
0,17.7,1,0,1,100,0
21,19.6,2,0,1,1035,0
11,15.9,2,0,1,1062,0
4,19.8,1,0,1,602,0
16,24.3,1,0,1,2538,0
15,24.3,1,0,1,979,0
14,13.1,3,0,2,888,0
22,29.2,1,0,1,531,0
14,21.6,3,0,3,598,1
4,32.3,1,0,2,100,0
20,34.3,4,0,2,990,0
13,5.6,1,0,1,1260,0
1,11.4,1,0,3,672,0
10,28.1,3,0,2,913,0
18,3.4,3,0,1,2178,0
6,34.2,1,0,1,1018,0
5,16.6,2,0,1,200,0
1,25.8,3,0,3,100,1
5,18.8,1,0,2,100,0
17,6.1,1,0,3,2225,0
1,30.6,3,0,2,386,0
17,47.5,1,0,1,2418,0
14,14.8,1,0,1,855,0
18,16.8,2,0,1,2094,0
1,-6.5,1,0,1,117,0
19,33.5,1,0,1,942,0
5,29.1,4,0,3,100,1
0,2.7,1,0,3,831,0
23,-0.6,3,0,1,100,1
14,0.5,3,0,1,1030,1
22,26.5,1,0,1,975,0
9,27.4,1,0,1,2386,0
18,10.8,1,0,1,2450,0
16,25.0,1,0,1,2502,1
4,21.6,2,0,3,345,0
3,16.3,2,0,2,103,1
9,29.7,1,0,2,2611,0
23,8.0,1,0,1,244,1
16,31.5,1,0,1,2233,0
9,12.7,1,0,1,2414,0
16,37.8,1,0,2,2783,0
19,9.9,1,0,3,1043,0
23,16.5,2,0,1,300,0
4,20.6,1,0,2,220,0
1,20.5,1,0,1,236,0
5,24.9,2,0,1,344,0
20,7.1,1,0,2,946,0
1,19.6,1,0,2,390,0
12,21.4,1,0,1,1064,0
10,14.7,1,0,1,761,0
10,24.0,1,0,1,1105,0
15,6.5,3,0,1,609,0
10,16.7,1,0,3,800,0
18,12.5,4,0,1,1994,0
14,16.8,1,0,1,1051,1
22,34.5,1,0,1,1122,0
22,34.7,1,0,3,568,1
15,32.7,1,0,2,1157,0
10,15.4,1,0,2,1082,0
21,29.1,1,0,1,854,0
15,21.1,1,0,2,952,0
7,20.5,1,0,1,2539,0
3,19.2,1,0,1,100,0
7,37.6,1,0,3,2249,0
3,33.7,1,0,1,532,1
23,27.4,2,0,1,179,0
2,18.3,3,0,1,222,1
2,20.4,1,0,1,276,0
17,25.3,1,0,1,2642,0
18,14.8,1,0,3,2418,0
18,29.4,3,0,1,1935,0
20,10.8,1,0,1,1038,0
4,23.9,2,0,2,469,0
17,-2.9,1,0,3,2732,0
9,14.5,1,0,1,2436,0
21,40.8,1,0,1,901,0
20,30.4,1,0,1,970,0
5,35.4,3,0,1,507,1
0,13.3,1,0,1,455,0
4,21.0,1,0,1,204,0
8,32.8,1,0,1,2177,0
11,26.3,2,0,1,1221,0
13,25.1,1,0,1,1243,0
1,36.3,1,0,1,100,0
16,9.6,1,0,1,2410,0
13,18.2,1,0,1,1175,0
12,2.5,2,0,1,1077,0
8,9.0,1,0,1,2101,0
14,30.7,1,0,1,774,0
21,10.8,1,0,2,1116,0
14,27.4,3,0,1,849,0
23,36.6,1,0,1,433,0
10,18.2,1,0,1,1156,0
15,25.2,3,0,1,848,1
16,27.4,1,0,2,2584,1
3,7.8,4,0,1,126,0
0,13.8,1,0,1,322,0
7,10.0,1,0,1,2562,0
16,14.6,2,0,3,2841,1
2,27.2,3,0,2,100,1
19,14.0,1,0,1,1144,0
14,19.6,3,0,1,776,0
14,9.6,1,0,3,1148,0
23,32.3,3,0,3,215,0
21,14.5,1,0,1,1235,0
13,35.2,1,0,1,851,0
22,20.6,3,0,1,828,1
13,5.9,3,0,1,887,0
23,18.3,1,0,1,163,0
1,9.4,1,0,1,360,0
12,25.9,1,0,3,1201,0
13,17.4,1,0,1,986,0
23,21.6,1,0,2,450,0
18,16.3,1,0,1,2365,1
6,14.4,1,0,2,780,0
2,10.3,2,0,1,439,1
14,28.4,1,0,1,888,1
22,18.3,1,0,1,664,0
13,16.9,1,0,1,847,0
10,18.0,2,0,2,1269,0
14,13.2,1,0,1,1212,0
12,16.9,1,0,1,775,0
17,22.1,2,0,1,2207,0
5,9.7,3,0,2,158,0
2,11.1,2,0,1,508,1
18,33.8,3,0,1,1960,0
14,16.4,2,0,1,962,1
22,14.5,2,0,1,877,0
4,6.6,1,0,2,245,0
9,28.5,1,0,1,2669,0
6,9.4,1,0,1,1017,0
16,19.8,1,0,1,2459,0
6,2.9,1,0,1,1130,0
21,28.2,1,0,1,1014,0
11,31.8,2,0,1,1190,1
16,24.8,1,0,1,2363,0
12,4.7,1,0,1,1054,0
19,28.4,4,0,1,977,0
3,11.7,1,0,1,610,0
9,8.3,1,0,1,2281,0
2,16.2,1,0,2,265,1
8,16.0,3,0,2,1736,0
12,14.9,1,0,1,806,0
17,32.7,2,0,1,2503,0
14,40.1,1,0,1,594,0
3,6.3,1,0,3,383,0
14,13.1,1,0,2,1111,0
21,21.4,2,0,1,984,0
1,16.1,3,0,1,100,0
14,24.0,2,0,1,951,0
7,29.2,2,0,1,2923,0
7,27.5,1,0,2,2395,0
16,26.1,2,0,1,2342,1
11,36.6,1,0,2,537,0
18,4.1,2,0,1,2708,0
9,34.8,1,0,1,2251,0
8,15.9,1,0,1,2517,0
4,27.9,1,0,1,721,0
5,9.7,1,0,3,373,0
19,10.9,1,0,1,1071,0
1,26.6,2,0,1,234,0
23,0.7,1,0,1,362,0
12,29.9,1,0,1,1015,1
5,32.6,2,0,1,408,1
4,21.8,1,0,3,100,0
0,21.4,2,0,1,375,1
20,11.7,1,0,1,1086,1
21,26.7,4,0,2,1309,1
20,23.5,1,0,1,999,0
5,10.8,1,0,1,344,0
5,16.1,1,0,1,379,1
22,18.4,1,0,1,1084,0
15,16.1,3,0,3,553,1
3,6.4,1,0,1,463,0
10,27.0,1,0,1,816,0
23,17.6,1,0,1,381,0
22,20.2,3,0,1,628,0
8,14.2,1,0,1,2455,1
22,24.8,4,0,1,705,0
2,22.0,1,0,2,250,0
18,32.1,1,0,1,2483,0
7,24.8,1,0,1,2574,0
4,18.0,3,0,1,220,0
3,12.6,3,0,1,414,1
23,28.7,1,0,1,193,0
5,17.2,1,0,1,385,0
1,18.3,2,0,1,133,1
19,18.3,1,0,1,1356,1
10,16.0,1,0,1,1086,0
3,18.5,1,0,1,160,0
14,39.3,1,0,1,1346,0
5,9.5,1,0,3,403,0
21,11.9,1,0,1,861,0
16,33.8,1,0,3,2473,0
23,16.3,3,0,1,100,0
5,15.5,1,0,3,100,1
18,30.3,2,0,1,2741,1
1,5.8,1,0,1,120,0
14,28.2,2,0,3,732,1
10,20.5,1,0,1,1127,0
7,24.6,2,0,1,2831,0
18,24.5,1,0,2,2731,0
12,13.7,3,0,1,1258,0
11,30.5,1,0,1,1484,0
4,14.5,1,0,1,119,0
5,24.1,4,0,1,177,0
21,32.4,1,0,1,685,0
3,33.8,1,0,3,100,0
18,17.3,3,0,1,2214,1
19,24.6,1,0,2,1055,0
0,16.4,1,0,1,591,0
19,45.0,4,0,2,626,1
16,27.8,1,0,1,2390,0
11,20.8,3,0,2,918,0
14,23.1,1,0,1,1211,1
0,24.1,2,0,2,100,1
13,24.4,1,0,1,951,0
5,17.6,4,0,1,319,0
4,16.1,1,0,1,456,0
10,18.5,1,0,1,1196,0
3,8.6,2,0,1,285,0
12,27.2,1,0,1,752,0
10,12.0,2,0,1,614,1
2,9.4,3,0,1,203,0
0,19.9,1,0,1,242,0
5,18.7,2,0,1,140,0
17,22.5,1,0,2,2678,0
23,14.3,1,0,3,100,1
9,16.1,1,0,1,2367,0
4,26.9,2,0,1,533,0
22,26.3,1,0,1,845,0
9,25.9,2,0,2,2564,0
11,20.3,1,0,1,998,0
1,21.7,2,0,1,348,0
12,22.3,1,0,1,1176,0
7,13.4,3,0,2,2065,0
1,34.7,1,0,1,100,0
19,33.3,1,0,1,756,1
0,27.9,1,0,1,358,0
4,15.7,2,0,1,116,0
8,25.4,1,0,1,2691,1
16,29.8,2,0,1,2561,1
8,7.8,1,0,3,2156,0
10,36.9,2,0,1,1377,0
14,2.6,1,0,3,926,1
23,27.0,1,0,1,258,1
5,34.5,1,0,1,384,0
22,18.9,1,0,2,982,1
2,18.5,1,0,1,492,0
16,26.7,3,0,1,1796,0
4,38.5,4,0,2,469,0
11,17.2,2,0,1,1136,0
17,12.2,1,0,1,2345,0
13,15.8,1,0,2,1050,0
20,4.5,2,0,1,1242,0
23,29.0,1,0,1,404,0
10,14.9,3,0,2,829,1
8,17.9,1,0,1,2624,0
1,29.1,4,0,1,381,1
11,16.2,1,0,2,898,0
2,27.6,2,0,1,331,0
2,9.6,1,0,2,469,1
0,29.6,3,0,3,266,0
7,23.4,1,0,1,2356,0
21,19.1,2,0,1,1056,0
7,21.3,3,0,1,1921,0
10,7.1,1,0,1,1116,0
8,21.1,1,0,3,2785,0
4,18.6,1,0,1,435,1
13,7.4,1,0,1,835,0
2,13.3,1,0,1,360,0
20,18.7,1,0,2,484,0
4,13.9,1,0,1,280,0
4,-4.1,2,0,2,488,0
18,30.8,2,0,1,2580,1
13,18.6,1,0,2,1022,0
3,-2.7,3,0,1,665,0
12,41.3,3,0,1,459,0
9,32.4,1,0,2,2203,0
17,16.5,1,0,1,2596,0
7,11.6,1,0,1,2679,0
7,24.0,2,0,3,2687,0
6,22.0,2,0,1,885,0
7,25.4,1,0,1,2331,0
13,11.6,2,0,1,801,0
18,31.0,1,0,2,2564,1
5,15.3,1,0,1,103,0
0,26.8,2,0,1,522,0
22,12.0,2,0,1,995,0
14,46.5,1,0,1,859,0
0,27.0,1,0,2,160,0
16,48.8,3,0,1,1693,0
0,28.3,1,0,1,141,0
14,14.4,2,0,1,889,0
22,28.3,1,0,1,1081,0
1,29.0,1,0,3,280,0
13,23.7,1,0,1,828,0
20,26.3,1,0,1,754,0
7,27.6,2,0,1,2452,0
7,10.1,1,0,2,2089,0
18,9.4,1,0,1,2436,0
6,12.1,1,0,1,1223,0
18,21.3,1,0,2,2459,0
5,17.8,3,0,2,271,1
5,10.2,2,0,2,307,0
2,27.8,1,0,1,100,0
6,22.8,2,0,3,1351,0
18,21.7,2,0,1,2418,0
7,17.4,2,0,1,2499,0
9,16.2,1,0,1,2368,0
19,11.6,1,0,1,1227,0
14,29.3,1,0,2,708,0
14,13.0,3,0,1,1060,1
0,22.1,2,0,2,239,0
19,36.6,1,0,2,893,0
6,16.7,1,0,1,874,0
3,29.6,1,0,2,661,0
5,25.7,1,0,1,100,0
0,23.1,4,0,1,133,0
4,24.3,1,0,2,100,0
22,19.1,1,0,1,637,0
0,20.3,4,0,1,501,1
3,14.5,1,0,1,294,0
21,20.4,2,0,2,767,0
1,14.1,1,0,1,465,0
9,30.1,1,0,1,2419,0
4,3.0,1,0,1,170,0
9,24.8,2,0,2,2615,0
0,23.4,1,0,1,215,0
21,22.5,1,0,1,807,0
5,30.2,2,0,1,439,0
12,17.1,1,0,1,971,0
14,22.6,1,0,1,1149,0
3,2.8,1,0,1,219,0
12,15.8,1,0,1,1203,1
23,28.6,2,0,1,302,0
19,6.6,2,0,1,1211,0
23,21.6,4,0,1,445,0
14,13.2,2,0,1,1247,0
7,18.9,1,0,1,2513,0
4,13.8,3,0,1,316,0
14,7.5,1,0,1,953,0
3,23.9,1,0,1,120,0
11,19.5,1,0,1,1400,0
12,26.1,1,0,1,849,0
1,27.9,2,0,1,480,0
18,32.3,1,0,3,2645,0
18,21.3,1,0,1,2536,0
3,32.7,1,0,3,269,0
3,10.2,1,0,1,270,1
10,29.1,1,0,1,868,0
4,24.6,2,0,2,318,0
19,22.3,1,0,1,763,0
10,24.4,3,0,1,949,0
9,10.4,1,0,3,2454,0
7,8.0,1,0,1,2307,0
5,37.1,2,0,1,100,0
5,18.3,3,0,1,213,0
7,18.2,1,0,3,2480,1
22,9.0,2,0,2,896,0
14,5.2,4,0,1,900,1
13,19.1,4,0,1,869,0
10,16.6,2,0,2,1011,1
11,20.0,2,0,1,814,0
12,20.9,1,0,1,851,0
7,44.9,3,0,1,1720,0
17,16.6,1,0,1,2461,0
0,35.8,4,0,1,352,1
14,36.4,1,0,2,757,0
7,27.5,1,0,2,2387,0
10,17.6,1,0,1,989,0
11,6.4,1,0,1,1111,0
11,24.8,1,0,1,704,0
3,30.2,1,0,1,743,0
15,37.5,2,0,1,1150,0
3,10.5,2,0,1,180,0
4,17.6,1,0,1,100,1
23,10.6,2,0,1,356,0
4,13.7,1,0,1,394,0
7,26.6,1,0,1,2301,1
9,13.2,2,0,1,2277,0
16,11.8,3,0,1,1821,1
8,28.0,1,0,2,2512,0
21,24.5,1,0,2,1015,0
18,23.5,1,0,1,2932,0
13,13.5,1,0,1,567,0
7,32.9,1,0,1,2365,0
8,20.1,4,0,1,1894,0
21,43.8,3,0,1,897,0
10,21.6,2,0,3,1105,0
22,-3.3,1,0,1,960,0
0,-3.8,2,0,1,602,0
13,26.2,1,0,1,776,0
4,33.0,1,0,1,160,0
20,12.2,1,0,1,736,0
13,41.0,2,0,1,970,0
3,36.6,3,0,1,173,0
21,22.1,1,0,1,1157,0
22,25.4,1,0,3,1370,0
0,28.9,1,0,1,598,0
21,38.9,3,0,1,555,0
22,26.8,1,0,1,1010,0
18,21.9,1,0,1,2654,0
7,26.7,2,0,1,2633,0
14,25.4,1,0,1,1462,0
20,29.2,1,0,1,956,0
14,4.3,1,0,1,1015,0
8,23.2,2,0,1,2948,0
20,24.6,1,0,1,1083,0
8,19.3,4,0,1,1880,0
9,27.8,2,0,1,2305,1
19,39.2,1,0,1,1041,0
20,21.4,1,0,1,1213,1
8,26.9,1,0,1,2710,0
2,36.1,1,0,1,125,0
19,21.6,3,0,3,820,0
10,11.1,3,0,1,709,0
5,26.2,1,0,3,270,0
1,-2.0,1,0,1,481,0
6,-3.0,1,0,1,990,0
17,23.3,1,0,1,2630,1
1,-3.4,1,0,1,436,0
16,6.8,1,0,1,2377,0
10,16.2,4,0,1,1045,1
11,12.8,1,0,3,780,1
18,18.5,1,0,1,2247,0
21,31.1,3,0,1,704,1
23,22.4,1,0,2,104,0
6,11.6,1,0,2,1121,0
19,33.5,1,0,1,1512,0
5,5.7,1,0,1,525,0
20,22.2,4,0,1,636,0
23,4.6,3,0,1,100,0
0,22.5,3,0,1,435,0
16,16.8,3,0,1,1763,0
10,30.8,1,0,1,803,0
21,27.2,3,0,3,873,0
17,14.1,4,0,3,1891,0
20,12.2,1,0,1,1023,0
16,16.8,1,0,1,2433,0
6,38.8,1,0,1,994,0
16,36.2,1,0,1,2674,1
19,10.3,1,0,1,1124,0
8,28.0,3,0,3,2183,0
16,2.7,3,0,1,2127,1
19,15.5,1,0,1,1141,0
21,10.7,1,0,1,999,0
21,30.7,3,0,3,509,0
7,7.1,2,0,3,2478,0
16,24.3,1,0,2,2563,0
6,20.0,2,0,1,1014,0
0,18.2,3,0,1,323,0
12,36.7,3,0,1,1212,0
22,37.6,1,0,1,899,0
18,18.6,1,0,2,2419,0
23,16.5,3,0,1,481,0
18,4.9,1,0,1,2524,0
16,20.0,2,0,1,2590,0
12,39.5,1,0,1,881,0
15,18.7,1,0,1,853,0
7,27.3,1,0,1,2258,0
18,6.0,1,0,1,2534,0
17,15.7,3,0,1,1804,0
0,24.6,1,0,3,100,1
13,21.1,3,0,1,932,1
18,28.2,3,0,1,1873,0
14,14.0,1,0,1,759,1
17,2.5,2,0,1,2239,0
1,31.2,1,0,2,482,1
21,10.6,2,0,1,978,0
16,25.1,1,0,1,2420,0
17,24.5,1,0,3,2534,0
5,3.4,1,0,2,315,1
18,30.5,2,0,1,2394,0
3,14.3,3,0,1,173,0
0,20.6,1,0,1,446,1
7,16.4,1,0,2,2664,0
22,36.2,1,0,1,832,0
6,33.4,3,0,1,1055,0
2,1.9,1,0,1,701,0
9,42.6,2,0,1,2441,1
9,13.2,1,0,2,2436,1
18,41.0,1,0,3,2320,0
13,17.4,3,0,1,666,0
1,16.6,2,0,1,364,0
0,17.5,2,0,1,763,0
22,16.0,1,0,2,1145,0
22,45.2,3,0,2,733,0
17,19.2,1,0,3,2415,0
6,17.0,3,0,3,667,1
7,20.8,1,0,1,2711,0
0,10.3,1,0,2,251,0
22,36.0,1,0,1,1090,0
2,5.3,1,0,1,252,0
23,13.9,1,0,1,723,0
22,29.4,3,0,1,693,0
7,20.4,2,0,2,2359,1
21,25.5,4,0,1,703,0
14,35.3,1,0,2,1084,0
4,30.0,1,0,1,586,0
2,21.4,3,0,1,325,0
18,40.9,1,0,1,2641,0
0,13.7,1,0,1,413,0
14,19.0,3,0,1,466,0
7,19.7,1,0,1,2496,1
1,19.0,1,0,2,236,0
2,9.3,3,0,1,211,0
23,4.2,1,0,1,135,0
13,24.2,3,0,2,973,0
23,13.7,1,0,1,309,0
13,39.1,2,0,1,1008,0
10,19.3,1,0,1,970,0
15,17.5,2,0,1,874,0
3,30.9,1,0,1,100,1
19,24.0,3,0,1,854,1
4,18.2,1,0,1,322,0
21,13.6,1,0,1,1106,0
20,56.6,2,0,1,1014,1
13,23.6,1,0,1,784,0
22,30.8,1,0,3,841,0
15,9.8,1,0,1,1267,0
17,14.2,1,0,1,2563,0
6,41.1,1,0,2,1160,0
9,34.0,1,0,2,2683,0
6,24.6,1,0,2,803,1
0,16.2,2,0,3,231,0
22,17.7,1,0,1,1136,0
20,13.2,1,0,1,836,0
18,8.4,4,0,1,1918,0
15,29.2,3,0,1,696,0
18,25.4,1,0,1,2352,1
3,27.4,1,0,1,273,0
17,16.6,3,0,2,1902,0
1,22.6,1,0,1,220,0
0,15.7,1,0,1,353,0
14,12.7,1,0,1,1199,0
4,36.7,2,0,1,452,0
19,21.2,1,0,2,1035,1
10,25.1,2,0,3,1327,0
9,28.4,2,0,2,2631,0
1,21.3,1,0,1,460,1
2,22.4,3,0,3,207,1
22,9.1,1,0,1,922,0
22,11.0,1,0,2,1075,0
11,10.5,1,0,1,1181,0
19,26.1,1,0,1,1034,0
4,20.7,1,0,3,173,0
4,11.0,1,0,1,100,0
5,25.8,1,0,2,100,0
8,25.4,1,0,1,2508,0
1,13.1,1,0,2,463,0
20,19.7,2,0,3,539,0
11,25.5,1,0,1,878,1
2,11.4,2,0,1,145,0
19,25.7,1,0,1,1075,0
21,23.0,1,0,3,866,0
11,10.0,1,0,1,753,0
23,22.2,1,0,1,178,0
16,23.7,1,0,1,2346,0
9,13.7,1,0,1,2502,0
23,14.5,4,0,1,197,0
13,9.9,4,0,1,888,0
22,15.5,1,0,2,998,0
16,19.9,2,0,1,2702,1
17,14.6,1,0,1,2410,0
18,5.2,1,0,1,2624,0
16,13.1,2,0,1,2563,0
13,15.8,1,0,3,940,0
8,28.2,1,0,1,2637,0
7,25.9,1,0,1,2339,0
1,28.4,1,0,1,547,0
12,12.6,1,0,2,844,0
6,21.4,1,0,3,731,0
8,-4.2,1,0,1,2216,0
21,24.3,1,0,1,1018,0
21,26.1,2,0,1,887,0
10,16.5,1,0,2,1036,0
13,23.0,2,0,1,779,0
3,4.9,2,0,3,397,0
12,12.0,2,0,2,1036,0
1,27.7,2,0,2,208,1
22,25.1,1,0,1,1124,0
4,15.9,1,0,1,415,1
10,28.1,1,0,2,1018,0
5,21.4,4,0,1,417,0
17,15.0,1,0,1,2722,1
20,18.2,1,0,1,842,0
9,15.4,1,0,1,2726,0
3,8.2,4,0,1,100,1
8,32.6,1,0,1,2654,0
5,14.3,1,0,1,489,1
1,11.7,1,0,1,265,1
16,4.7,4,0,1,1989,1
4,-6.4,1,0,1,240,1
5,27.0,1,0,1,135,0
11,27.9,2,0,2,872,0
22,31.9,1,0,2,1099,0
20,18.5,3,0,2,971,1
9,16.8,1,0,2,2497,0
21,14.9,1,0,1,797,0
20,15.8,3,0,1,570,1
5,31.2,4,0,1,218,0
7,19.7,1,0,1,2394,0
1,23.8,1,0,1,537,0
11,15.6,3,0,1,659,1
12,33.2,1,0,3,1119,0
20,1.0,3,0,1,675,0
6,7.8,3,0,1,743,1
9,23.8,1,0,3,2534,0
12,37.5,4,0,2,903,0
16,17.7,1,0,1,2584,0
20,11.6,2,0,3,888,0
13,30.0,1,0,1,1020,0
1,23.2,3,0,2,165,1
21,32.9,2,0,1,713,1
10,7.1,2,0,1,1045,0
0,32.1,3,0,2,492,1
18,4.5,1,0,1,2808,0
20,17.1,1,0,1,1063,1
3,24.1,3,0,1,290,0
18,21.9,2,0,1,1976,0
20,30.6,3,0,3,1345,0
10,1.7,3,0,1,1086,1
7,21.4,1,0,1,2651,0
10,32.0,1,0,1,1014,0
3,20.6,1,0,1,100,0
16,8.6,2,0,1,2536,0
6,30.1,1,0,1,1006,0
7,13.5,2,0,3,2218,0
2,11.8,1,0,1,389,0
21,10.5,1,0,1,1247,0
1,18.0,1,0,1,368,0
22,21.8,1,0,1,1067,0
14,7.3,2,0,1,1080,0
23,9.4,1,0,2,235,0
21,13.1,1,0,3,1151,0
21,10.5,1,0,1,1304,0
4,20.4,2,0,1,308,0
23,23.6,3,0,3,100,0
0,22.2,1,0,1,100,0
3,22.3,2,0,1,400,0
14,36.7,1,0,3,1122,0
19,24.2,1,0,2,1072,0
18,27.8,2,0,1,2452,0
2,15.9,1,0,1,355,0
19,29.4,2,0,1,892,0
10,15.4,1,0,1,857,0
16,24.1,4,0,2,1800,1
12,6.3,1,0,1,802,0
10,21.7,1,0,1,1106,0
1,10.2,3,0,1,186,0
8,29.4,1,0,1,2363,0
1,28.8,1,0,1,100,0
20,15.3,1,0,2,1134,0
8,40.5,1,0,1,2713,0
8,17.1,1,0,1,2295,0
7,3.9,1,0,1,2475,0
16,12.2,2,0,2,2313,0
0,9.6,1,0,1,271,0
10,23.8,2,0,1,1121,0
7,7.6,1,0,1,2823,0
9,14.6,1,0,1,2410,0
6,23.1,1,0,2,1139,0
2,21.4,1,0,1,444,0
2,19.9,1,0,2,269,0
17,21.3,1,0,2,2732,0
4,16.3,1,0,3,234,0
11,4.0,1,0,1,1087,1
11,16.0,1,0,1,885,1
18,24.7,1,0,1,2606,0
5,18.6,2,0,1,386,0
1,23.9,1,0,2,537,0
11,14.1,1,0,2,1367,0
18,29.9,1,0,1,2683,0
4,-5.6,1,0,1,434,0
11,21.4,1,0,1,921,0
16,33.5,3,0,1,1546,0
16,35.0,2,0,2,2759,0
9,17.7,2,0,1,2871,0
22,6.7,3,0,1,862,0
16,33.7,1,0,1,2298,0
14,19.5,1,0,3,1275,0
11,18.4,2,0,1,1221,0
15,11.1,1,0,3,592,0
23,7.5,1,0,2,328,0
18,25.6,2,0,1,2548,0
7,26.7,2,0,1,2179,0
20,22.0,1,0,1,784,0
16,12.4,1,0,1,2718,1
22,9.4,2,0,2,1013,0
4,5.7,3,0,1,100,0
21,14.4,2,0,1,866,0
15,9.9,4,0,1,559,1
5,2.9,1,0,1,315,0
7,26.5,1,0,1,2650,0
17,6.8,1,0,1,2735,0
11,29.8,1,0,1,866,0
14,23.9,3,0,1,729,0
8,22.9,4,0,1,2100,0
12,36.7,1,0,1,1190,0
14,7.1,1,0,1,1074,0
9,28.7,1,0,2,2753,0
15,17.0,3,0,1,1163,0
6,45.7,1,0,1,673,0
16,16.2,1,0,1,2803,0
22,14.6,1,0,1,1259,0
20,24.3,1,0,1,764,0
21,17.9,3,0,3,892,0
6,12.4,1,0,1,1127,1
13,10.3,1,0,1,782,0
14,34.6,1,0,1,987,0
20,8.4,1,0,1,1031,0
6,22.2,2,0,1,784,1
8,30.6,1,0,1,2432,0
18,31.0,1,0,3,2780,0
15,14.0,3,0,1,1136,0
7,17.9,1,0,1,2279,0
17,16.0,2,0,3,1967,1
22,4.6,1,0,2,1247,1
17,25.4,1,0,3,2864,0
19,20.4,2,0,1,1175,0
6,34.4,3,0,1,742,0
2,11.8,1,0,2,100,0
17,30.9,1,0,1,2623,0
9,31.6,1,0,1,2710,1
6,20.5,1,0,2,868,0
16,-1.7,1,0,1,2555,0
13,14.9,2,0,2,913,0
23,37.9,1,0,3,450,1
2,23.0,1,0,2,100,0
11,26.9,1,0,1,1079,0
12,19.1,1,0,1,926,0
1,17.8,2,0,2,666,0
2,1.3,1,0,3,362,0
4,27.9,1,0,1,441,1
10,30.8,4,0,1,611,0
7,10.5,1,0,2,2455,0
22,18.2,1,0,1,1078,0
22,16.9,1,0,1,928,0
11,24.2,4,0,1,751,0
6,14.6,4,0,1,852,0
14,29.3,1,0,2,657,1
23,20.7,1,0,1,195,0
16,-5.5,3,0,1,2157,0
3,24.4,1,0,1,221,0
21,30.0,1,0,1,1467,0
12,8.5,3,0,1,818,0
17,24.1,1,0,2,2129,0
0,38.3,1,0,1,388,0
15,21.1,3,0,1,588,0
12,31.4,1,0,1,1067,1
9,15.6,1,0,1,2386,1
11,19.8,1,0,1,900,0
1,18.0,1,0,1,507,0
22,16.1,1,0,1,683,0
2,18.5,1,0,1,202,1
9,3.7,2,0,1,2380,0
1,16.7,3,0,2,507,1
22,33.4,1,0,2,930,0
12,10.4,2,0,1,811,0
12,9.3,2,0,1,1046,0
17,20.6,2,0,3,2321,0
2,21.1,1,0,1,150,0
6,23.8,3,0,2,938,0
13,18.9,1,0,1,426,0
19,20.7,1,0,1,807,0
16,16.5,1,0,2,2364,0
20,7.2,2,0,1,1309,0
11,19.3,1,0,1,1089,0
15,27.2,1,0,3,993,1
23,25.2,2,0,2,279,0
11,2.6,3,0,1,824,1
14,22.5,2,0,1,1049,0
9,11.1,1,0,1,2525,0
6,33.9,1,0,2,1389,0
19,23.3,2,0,3,912,1
4,29.0,1,0,2,334,0
0,20.2,2,0,2,307,0
16,19.3,1,0,1,2687,0
2,35.0,3,0,2,101,0
12,29.7,1,0,2,926,1
13,21.2,1,0,2,697,0
23,18.0,3,0,1,437,0
17,2.9,1,0,3,2195,0
3,23.2,1,0,1,407,0
17,18.7,3,0,1,2336,0
4,25.5,1,0,1,685,0
15,28.6,1,0,1,938,0
0,32.3,1,0,1,230,0
20,23.4,1,0,2,985,0
13,9.5,1,0,1,1180,0
14,-1.5,2,0,1,973,0
8,11.8,2,0,1,2445,0
14,33.3,1,0,2,1214,0
16,38.2,1,0,1,2508,0
23,17.6,3,0,1,209,0
3,5.4,4,0,1,100,1
11,13.5,1,0,1,1205,1
4,31.4,3,0,2,289,1
4,14.1,2,0,2,297,0
10,25.9,1,0,2,627,0
5,21.7,1,0,1,490,1
6,27.1,1,0,1,773,0
23,38.2,3,0,1,330,0
13,25.9,2,0,1,844,0
23,21.5,2,0,1,100,0
10,39.3,1,0,1,1185,0
12,23.5,2,0,1,1020,1
1,12.1,2,0,3,308,0
6,26.9,3,0,2,1190,0
19,24.5,1,0,1,1387,0
3,16.9,2,0,1,250,0
7,14.8,1,0,3,2238,0
19,17.0,2,0,1,1282,0
21,14.7,2,0,2,731,0
20,17.3,1,0,1,1095,0
18,11.6,2,0,2,2446,0
12,23.9,1,0,2,1015,0
13,23.1,3,0,1,1045,0
9,23.5,1,0,1,2342,0
10,19.4,2,0,1,878,0
1,18.2,3,0,3,391,0
8,34.4,1,0,1,2857,0
16,20.7,1,0,1,2994,0
2,32.6,1,0,1,100,0
23,10.0,1,0,2,216,0
5,25.9,1,0,2,100,0
4,12.7,2,0,1,469,0
4,14.4,3,0,1,252,1
21,15.9,3,0,1,975,0
14,15.3,1,0,1,920,0
22,15.3,2,0,1,1139,0
16,32.2,3,0,1,1964,0
8,20.5,1,0,3,2528,0
2,22.3,1,0,1,184,0
19,15.4,1,0,2,1272,0
16,28.6,3,0,1,1747,0
9,23.6,1,0,1,2477,0
2,16.9,2,0,1,656,0
17,4.2,1,0,1,2755,0
17,22.2,4,0,1,1831,0
16,25.8,1,0,2,2341,0
23,10.2,2,0,1,402,0
2,17.0,1,0,1,429,0
2,25.4,1,0,3,537,0
5,4.3,2,0,1,100,0
12,13.5,4,0,1,1063,0
23,23.8,1,0,1,119,0
14,31.1,1,0,2,1266,0
8,41.9,1,0,2,2176,1
3,39.6,1,0,1,100,0
13,21.4,1,0,1,1344,0
4,15.2,2,0,2,655,1
1,29.2,3,0,3,260,0
10,14.6,1,0,1,934,0
8,12.4,1,0,2,2496,1
23,16.9,1,0,1,382,0
2,15.7,1,0,1,400,0
8,24.1,1,0,1,2441,0
2,14.0,1,0,1,100,0
1,20.9,1,0,1,191,0
11,35.9,1,0,3,688,0
9,21.2,1,0,1,2653,1
8,35.2,1,0,1,2573,0
14,32.0,1,0,1,977,0
7,25.9,3,0,2,1949,0
4,16.5,2,0,3,693,0
10,30.4,3,0,1,1029,0
1,17.5,1,0,1,341,0
23,20.0,1,0,1,192,0
14,23.3,1,0,1,1257,0
5,19.9,1,0,1,322,0
7,12.8,2,0,1,2370,0
4,4.7,1,0,2,181,0
15,29.6,1,0,1,1132,0
17,25.7,1,0,1,2690,0
5,2.8,1,0,1,427,0
4,12.5,4,0,1,371,1
15,21.8,1,0,1,939,1
12,24.4,2,0,1,891,0
4,4.8,1,0,2,329,0
12,19.1,4,0,1,783,1
16,25.4,1,0,1,2299,0
17,16.5,2,0,1,2493,0
7,22.6,1,0,3,2637,0
12,15.1,2,0,1,921,0
18,29.1,1,0,3,2817,0
2,12.0,1,0,1,100,0
23,8.6,3,0,1,100,1
7,20.3,4,0,2,1885,1
1,5.7,1,0,1,464,0
7,-1.1,3,0,1,2042,0
12,30.8,1,0,1,822,0
12,10.2,3,0,2,425,0
0,6.7,2,0,1,100,0
5,11.9,1,0,1,100,0
23,11.4,3,0,1,414,0
18,18.6,3,0,1,1788,0
15,9.1,1,0,1,1136,0
7,25.0,2,0,1,2608,0
0,26.5,1,0,1,538,0
15,7.3,3,0,1,657,0
8,13.8,2,0,1,2580,0
12,14.8,1,0,1,1024,0
10,18.3,2,0,1,1024,0
12,30.8,1,0,3,996,1
20,31.4,1,0,2,1168,0
9,45.0,1,0,1,2646,0
3,-2.7,1,0,2,299,0
5,10.8,2,0,3,208,0
6,38.1,1,0,1,885,1
4,2.0,1,0,1,307,0
10,37.9,2,0,1,1044,0
12,21.5,1,0,2,981,0
18,21.8,1,0,1,2241,1
22,7.2,1,0,1,939,0
9,15.5,2,0,1,2394,0
9,37.5,1,0,2,2503,0
10,19.5,1,0,1,1507,1
20,15.6,1,0,2,1086,0
6,24.1,3,0,2,1052,1
17,18.1,1,0,1,2363,1
3,23.5,4,0,1,244,0
1,11.5,2,0,1,545,0
13,19.2,3,0,3,483,0
12,13.6,1,0,2,953,0
11,2.0,1,0,3,1124,0
6,24.8,3,0,1,785,0
1,7.7,1,0,1,186,0
12,18.4,1,0,1,897,1
13,29.3,1,0,1,1063,0
16,5.0,4,0,2,1685,1
8,26.0,2,0,1,2524,0
16,17.0,1,0,1,2645,0
7,10.3,2,0,1,2427,0
1,40.2,1,0,1,100,0
23,20.0,2,0,1,197,0
12,14.3,1,0,1,975,0
2,12.2,3,0,2,100,0
15,28.8,1,0,1,1006,0
5,13.9,1,0,1,334,0
18,27.6,1,0,1,2740,1
6,20.0,1,0,2,967,0
9,31.2,2,0,1,2522,0
8,9.6,1,0,3,2389,0
1,11.0,1,0,1,204,0
14,17.2,1,0,1,1140,0
4,18.0,1,0,1,253,0
21,16.5,1,0,1,1165,1
3,46.3,1,0,2,290,0
19,40.6,1,0,1,771,0
3,23.0,1,0,1,161,0
17,24.2,1,0,1,2983,0
3,17.6,3,0,2,219,1
16,9.5,2,0,2,2176,0
11,18.2,1,0,1,772,1
21,27.7,2,0,1,857,0
16,33.1,3,0,2,1821,1
9,30.0,1,0,2,2280,0
21,4.9,3,0,1,1092,0
0,17.1,1,0,1,432,0
21,5.3,3,0,2,760,0
23,31.7,1,0,1,182,0
17,15.9,1,0,1,2467,0
17,19.5,1,0,2,2856,0
13,24.8,4,0,1,626,0
14,47.7,2,0,2,684,1
11,22.7,1,0,1,1133,0
3,17.6,1,0,3,501,1
2,7.6,1,0,1,590,1
19,34.6,1,0,2,929,0
11,18.2,1,0,1,931,1
6,36.6,1,0,1,1402,0
10,31.1,3,0,1,919,0
0,15.4,2,0,2,282,0
5,6.1,1,0,1,400,0
14,22.7,1,0,1,912,0
14,13.9,3,0,1,860,0
18,20.4,2,0,1,2556,0
10,30.5,2,0,1,1166,0
22,3.5,4,0,3,603,1
1,22.6,2,0,1,371,0
13,27.6,1,0,1,766,0
1,28.1,1,0,3,675,0
3,6.4,4,0,1,156,0
16,24.2,1,0,1,2169,0
2,32.0,1,0,1,855,0
12,23.4,1,0,1,895,1
8,18.8,2,0,1,2518,0
6,31.4,4,0,1,460,0
14,13.1,1,0,2,989,0
22,4.7,1,0,1,1334,1
10,18.0,3,0,1,940,0
19,25.4,1,0,3,659,0
1,30.4,1,0,1,147,0
14,25.3,3,0,3,983,0
13,28.4,1,0,1,1127,0
19,30.5,1,0,1,902,0
21,16.6,2,0,1,1079,0
10,18.5,1,0,1,760,0
2,32.9,3,0,1,100,0
16,7.9,1,0,1,2001,0
11,24.3,1,0,1,1185,0
23,12.8,1,0,1,278,0
20,31.0,1,0,1,1000,1
14,19.8,3,0,1,186,1
15,20.1,2,0,1,990,1
4,37.3,3,0,1,350,0
19,9.2,1,0,1,582,0
5,22.2,2,0,1,308,1
18,18.2,1,0,1,2486,0
4,25.3,3,0,1,146,0
2,39.3,2,0,1,561,0
0,13.9,1,0,3,513,0
5,8.0,1,0,1,963,0
14,11.9,1,0,1,757,0
1,17.7,1,0,3,385,0
2,20.6,4,0,3,539,0
16,21.1,1,0,2,2361,0
23,38.0,1,0,1,638,0
11,36.2,1,0,1,1072,1
17,33.0,2,0,2,2150,1
14,45.1,1,0,2,742,0
11,28.2,1,0,1,883,1
15,31.1,1,0,1,982,0
7,28.0,2,0,3,2747,0
13,26.4,1,0,1,982,0
16,23.9,2,0,1,2739,1
20,16.0,1,0,1,1021,0
7,7.5,1,0,1,2502,0
14,18.7,1,0,1,941,0
13,25.7,1,0,1,1196,0
17,20.7,1,0,3,2525,0
19,9.3,1,0,1,853,0
6,18.3,2,0,1,1066,0
2,17.8,1,0,2,208,0
11,19.4,1,0,1,897,0
20,24.9,3,0,1,1036,1
23,27.1,1,0,1,268,0
2,15.0,2,0,1,726,0
19,29.8,3,0,1,947,1
13,31.3,1,0,1,846,1
14,23.2,2,0,3,833,0
13,26.6,1,0,2,751,0
6,29.8,1,0,1,1121,0
16,9.0,1,0,1,2328,0
11,30.5,1,0,1,546,1
19,12.1,1,0,1,669,0
3,13.1,1,0,1,100,0
8,22.0,1,0,2,2567,0
5,-1.4,1,0,1,283,0
15,21.8,1,0,1,1188,0
21,29.8,1,0,1,818,1
21,3.5,1,0,1,935,0
20,30.9,1,0,2,1349,0
20,13.0,1,0,3,931,0
1,22.1,1,0,1,344,0
23,14.5,3,0,1,108,0
7,25.7,3,0,3,1954,0
10,30.2,1,0,2,1095,0
12,26.5,2,0,3,1131,0
16,20.0,1,0,1,2523,0
7,15.2,1,0,1,2448,0
20,19.3,3,0,1,826,0
17,26.6,1,0,1,2352,0
17,26.9,3,0,2,1956,1
13,25.5,1,0,1,1066,0
14,7.2,1,0,1,1197,0
5,19.8,1,0,1,117,0
10,13.7,1,0,2,964,1
12,26.6,1,0,1,798,1
0,12.4,1,0,1,211,0
5,24.5,2,0,1,500,0
8,17.2,1,0,1,2392,0
7,1.2,1,0,1,2480,0
10,29.3,1,0,1,752,0
21,19.7,3,0,2,687,0
18,32.8,1,0,1,2190,0
23,3.3,1,0,1,355,0
8,17.1,4,0,3,2073,0
16,17.8,1,0,3,2567,0
11,22.7,1,0,1,1080,0
13,6.7,3,0,1,867,1
14,25.4,2,0,1,694,0
15,39.1,1,0,1,842,0
21,24.7,1,0,3,551,0
21,20.9,2,0,2,907,0
19,6.2,1,0,1,825,1
0,12.3,3,0,1,232,0
9,19.4,1,0,1,2991,1
7,14.7,1,0,1,2656,0
17,30.3,1,0,1,2805,0
0,25.3,2,0,1,464,0
1,46.9,3,0,1,219,0
0,10.2,2,0,1,298,0
0,20.3,3,0,1,412,0
8,6.2,1,0,1,2549,0
12,-2.2,1,0,1,942,0
0,27.2,3,0,2,525,1
12,25.0,3,0,1,888,0
19,11.5,3,0,1,514,0
21,20.9,2,0,1,963,1
6,13.7,1,0,1,1010,0
1,15.1,1,0,1,219,0
5,16.8,3,0,1,162,1
6,11.0,1,0,1,916,1
13,12.8,1,0,1,643,0
17,13.1,2,0,1,2107,0
14,24.2,1,0,1,869,0
1,-7.7,3,0,2,159,0
9,17.7,1,0,1,2232,0
22,9.1,2,0,1,795,0
11,9.5,2,0,1,949,0
16,14.7,1,0,1,2706,0
7,19.9,1,0,1,2693,0
10,17.9,1,0,1,1199,0
2,9.4,1,0,2,100,0
5,27.2,1,0,1,255,1
8,11.0,1,0,1,2747,0
5,12.7,1,0,1,100,0
8,22.8,1,0,1,2408,1
6,23.2,1,0,1,1044,0
8,13.9,2,0,3,2158,1
17,-9.4,1,0,1,2585,0
11,11.1,3,0,2,1109,1
7,21.6,2,0,1,2744,0
7,26.9,2,0,2,2464,0
17,19.2,3,0,2,2162,0
19,15.2,1,0,2,656,0
14,42.9,3,0,3,855,0
6,16.3,1,0,1,939,0
10,26.1,3,0,1,770,0
19,6.6,3,0,1,820,0
15,9.1,1,0,1,1077,0
3,26.5,1,0,2,100,1
5,30.4,1,0,1,103,0
21,16.1,2,0,1,948,0
2,1.5,1,0,1,100,1
8,18.3,1,0,2,2527,0
9,21.9,1,0,3,2666,1
13,21.0,1,0,1,1278,0
10,14.4,4,0,1,819,1
17,18.5,2,0,1,2877,0
21,12.5,1,0,1,992,1
11,8.9,1,0,1,748,0
22,27.6,1,0,1,988,0
11,21.0,1,0,1,958,0
12,18.5,3,0,1,903,0
12,14.9,1,0,1,1054,0
18,18.2,1,0,2,2539,0
18,21.6,3,0,2,2193,1
22,37.3,3,0,1,714,0
13,26.5,1,0,2,1107,0
3,13.3,1,0,1,356,0
12,13.4,1,0,1,1022,0
7,11.9,2,0,1,2486,1
22,18.0,4,0,2,545,0
20,11.9,1,0,1,949,0
22,24.7,1,0,1,962,0
18,-6.4,3,0,1,1855,0
11,25.4,2,0,2,728,1
17,22.8,4,0,2,1888,0
5,32.6,1,0,1,205,1
17,28.8,1,0,2,2231,0
18,13.2,1,0,1,2231,0
21,27.6,1,0,3,581,1
4,18.3,1,0,2,359,0
23,0.7,1,0,1,495,0
8,21.6,1,0,2,2503,0
2,13.8,3,0,1,159,0
9,20.0,1,0,3,2221,0
18,36.5,2,0,2,2059,0
2,22.2,1,0,1,293,0
21,9.8,3,0,1,923,0
14,29.6,1,0,1,833,1
0,23.6,2,0,2,511,1
6,8.6,1,0,2,862,0
11,3.9,1,0,1,1216,0
16,10.2,2,0,1,2343,1
20,28.4,1,0,1,467,1
23,17.0,1,0,1,425,0
19,20.8,3,0,1,615,0
4,6.6,3,0,1,100,1
3,28.6,1,0,1,396,1
11,-0.2,1,0,1,822,0
19,13.4,1,0,1,717,1
23,24.2,1,0,2,562,0
17,8.8,4,0,1,1959,1
16,26.1,1,0,1,2212,0
18,11.3,1,0,1,2407,0
8,7.7,4,0,1,2426,0
3,32.9,1,0,1,322,1
20,21.5,2,0,1,871,0
1,25.2,1,0,1,400,0
3,30.2,1,0,2,209,0
1,-6.2,1,0,1,198,0
14,26.3,1,0,1,868,0
1,12.4,1,0,1,470,0
3,13.7,1,0,1,338,0
5,24.4,1,0,2,584,0
6,16.4,1,0,2,1061,0
9,25.9,1,0,1,2805,0
18,19.6,1,0,1,2630,0
18,21.7,1,0,3,2448,0
21,15.1,2,0,1,972,0
11,9.4,1,0,1,1365,0
2,12.6,1,0,1,560,0
12,19.0,2,0,1,1309,0
17,38.4,1,0,2,2298,0
7,34.7,2,0,1,2124,0
20,13.5,2,0,1,831,0
14,20.6,1,0,1,1033,0
0,17.1,1,0,3,170,0
2,21.3,4,0,1,245,1
7,22.6,1,0,2,2409,0
3,25.3,3,0,1,100,0
15,-9.0,1,0,2,1085,0
22,23.7,1,0,1,1006,1
9,16.0,1,0,1,2765,0
11,13.0,1,0,1,1031,0
13,27.9,1,0,3,1156,0
13,34.7,2,0,1,836,0
1,26.9,3,0,1,309,0
22,14.8,3,0,1,961,0
4,9.2,1,0,1,411,0
4,-10.1,3,0,2,194,0
5,21.8,3,0,1,310,1
12,25.8,3,0,2,924,1
8,19.0,1,0,1,2740,0
21,29.3,2,0,3,887,0
14,6.8,1,0,1,776,1
13,18.3,1,0,1,833,0
23,17.5,4,0,1,269,0
6,18.9,1,0,2,1000,0
19,31.7,1,0,1,1125,0
1,19.0,3,0,1,406,1
6,17.1,1,0,2,622,0
5,10.6,3,0,2,143,0
16,33.3,2,0,2,2542,0
1,5.7,1,0,1,523,0
2,14.5,1,0,1,289,1
4,36.9,2,0,2,573,0
4,24.7,1,0,1,410,0
0,19.8,3,0,1,316,1
7,20.2,3,0,1,1977,0
11,10.5,1,0,3,995,0
23,19.3,1,0,1,366,0
3,16.5,3,0,2,200,0
12,21.8,1,0,1,1222,0
22,4.9,1,0,2,1175,0
14,24.0,3,0,1,1039,0
10,30.2,3,0,1,592,0
9,18.0,2,0,1,2285,0
2,26.5,1,0,2,397,0
21,23.1,2,0,1,983,0
13,13.9,2,0,2,1051,1
15,9.4,3,0,1,576,1
9,10.8,4,0,1,1708,0
9,22.9,1,0,1,2546,1
11,19.4,2,0,1,848,0
8,32.8,4,0,2,2142,1
0,27.9,1,0,1,176,0
4,27.9,1,0,3,122,0
19,22.6,3,0,3,346,0
7,10.4,1,0,1,2749,0
10,23.3,1,0,1,1139,0
11,20.6,1,0,1,700,0
0,8.6,1,0,3,100,0
21,32.1,1,0,1,880,0
19,31.0,1,0,1,1189,0
10,8.6,4,0,2,694,0
4,13.6,2,0,1,258,0
14,14.5,2,0,1,1198,0
4,26.1,1,0,1,102,0
11,24.9,2,0,1,863,1
4,20.4,2,0,1,343,0
16,22.7,2,0,1,2443,0
16,7.1,1,0,2,2324,1
23,23.8,1,0,1,441,1
11,19.0,3,0,1,903,0
23,13.2,2,0,1,466,0
14,4.7,2,0,1,969,0
14,20.3,1,0,1,647,0
5,23.6,1,0,1,302,0
11,3.0,2,0,1,765,0
19,20.2,1,0,1,594,0
17,21.2,2,0,1,2445,0
13,14.5,4,0,1,820,0
1,23.8,2,0,1,619,1
8,18.7,1,0,1,2258,1
4,22.8,1,0,1,435,0
19,25.3,2,0,1,680,0
0,25.3,3,0,1,494,1
22,30.2,1,0,1,859,0
2,23.4,1,0,2,233,0
5,15.2,1,0,1,235,0
4,13.5,2,0,1,451,0
20,9.4,2,0,1,709,0
4,21.5,4,0,3,204,1
0,33.2,1,0,1,171,0
16,16.4,2,0,2,2939,1
18,24.5,1,0,2,2283,0
13,12.5,1,0,1,483,0
11,21.9,3,0,1,1138,0
9,32.6,1,0,1,2598,0
19,26.9,1,0,1,842,0
20,4.3,2,0,1,993,1
17,25.7,1,0,2,2339,0
23,26.2,1,0,1,100,0
10,21.7,1,0,1,967,0
1,26.7,1,0,2,265,1
17,11.7,3,0,1,2067,0
6,20.6,1,0,3,805,0
23,31.1,3,0,1,100,0
14,30.2,1,0,1,924,0
10,25.5,1,0,1,803,0
17,11.2,1,0,2,2727,1
22,9.6,3,0,1,969,0
11,21.1,1,0,3,896,0
5,21.8,2,0,1,406,1
19,19.0,1,0,2,752,1
22,12.0,4,0,2,707,0
12,24.4,3,0,2,1092,0
19,21.1,2,0,1,1129,1
15,22.9,3,0,1,857,0
17,25.9,2,0,1,2428,1
9,17.3,3,0,1,1991,0
22,15.1,1,0,1,706,0
7,31.1,1,0,2,2435,0
17,12.4,2,0,1,2575,1
20,15.3,1,0,3,994,1
0,32.3,1,0,1,294,0
22,14.5,1,0,1,869,0
7,19.0,1,0,1,2318,0
5,15.9,2,0,2,100,1
4,2.2,1,0,1,249,0
14,18.8,4,0,2,946,1
21,9.9,3,0,1,628,0
14,22.5,3,0,3,808,0
1,31.1,1,0,1,303,0
0,-2.1,1,0,1,486,0
22,15.9,4,0,1,802,0
22,24.5,3,0,2,502,1
10,-1.8,2,0,1,1424,0
9,33.4,1,0,2,2694,0
17,23.8,1,0,1,2596,1
17,30.8,2,0,2,2384,1
16,14.4,1,0,1,2436,0
7,15.6,2,0,1,2215,0
14,18.4,3,0,1,733,0
7,41.4,2,0,2,2535,0
16,33.2,1,0,3,2494,0
11,21.3,1,0,1,1350,0
7,22.5,4,0,2,2134,0
13,26.3,2,0,1,1194,1
3,43.9,2,0,2,408,1
0,23.8,2,0,1,332,1
0,20.5,2,0,1,390,1
18,16.6,2,0,1,2103,0
15,22.3,1,0,1,947,0
13,14.1,1,0,1,720,0
20,25.0,1,0,2,764,0
15,5.7,1,0,1,1238,0
4,17.4,1,0,3,100,0
8,27.3,1,0,2,2235,1
1,23.7,3,0,1,317,0
17,15.4,1,0,1,2486,1
5,17.7,1,0,1,389,0
8,30.4,1,0,3,2851,0
0,7.9,2,0,3,414,0
8,8.0,1,0,2,2189,0
15,10.7,1,0,1,1186,0
12,19.9,1,0,2,956,0
8,6.4,3,0,1,2033,0
20,29.5,4,0,1,469,1
12,10.8,4,0,1,900,0
8,22.2,1,0,2,2239,0
10,14.2,2,0,3,1106,1
3,19.3,1,0,1,155,0
1,4.0,1,0,2,444,0
5,30.0,1,0,2,100,0
13,10.4,1,0,1,687,0
3,9.3,2,0,1,191,0
5,43.8,1,0,1,353,0
18,25.5,1,0,1,2270,0
5,29.6,1,0,1,340,0
1,24.6,1,0,1,474,1
17,15.5,3,0,2,1735,0
12,6.9,2,0,1,1041,1
8,17.0,2,0,1,2607,0
22,10.2,1,0,1,961,0
18,10.8,1,0,1,2483,0
12,4.2,1,0,3,718,0
10,21.1,4,0,1,887,1
0,35.7,4,0,1,252,0
23,25.6,2,0,2,330,0
21,18.9,1,0,1,1412,0
6,19.6,1,0,2,958,1
20,-10.5,1,0,1,1064,1
14,15.8,3,0,1,1057,0
0,5.7,2,0,3,290,0
11,21.3,3,0,1,656,0
6,17.4,2,0,1,1079,0
14,11.3,1,0,1,862,0
20,21.1,1,0,1,1239,0
18,21.0,1,0,2,2602,0
0,35.2,1,0,2,127,1
16,26.9,1,0,1,2250,0
16,22.2,2,0,1,2531,1
2,10.5,2,0,2,351,0
11,9.3,1,0,2,751,1
5,26.0,1,0,1,457,0
10,18.0,1,0,2,1133,0
2,22.5,2,0,1,368,0
7,29.8,1,0,1,2651,0
13,4.9,1,0,3,802,0
13,34.0,3,0,1,613,0
9,29.7,1,0,1,2448,0
1,-0.5,1,0,1,173,0
13,43.5,2,0,1,1100,0
8,23.2,3,0,1,2161,0
2,15.2,2,0,2,159,0
20,25.2,1,0,1,826,0
7,10.2,1,0,1,2670,0
15,25.5,2,0,1,803,1
1,12.1,1,0,1,242,0
5,40.2,2,0,1,100,0
20,20.6,3,0,1,681,0
11,26.5,3,0,1,498,0
4,12.1,1,0,3,556,0
1,28.2,1,0,1,502,0
15,19.9,1,0,3,838,1
4,5.9,2,0,1,392,1
14,17.6,1,0,2,712,1
11,39.3,1,0,1,1124,0
3,28.6,1,0,2,123,0
14,16.2,1,0,1,1243,1
10,1.3,1,0,3,1102,0
15,11.7,1,0,1,926,0
22,5.9,2,0,2,918,0
5,1.5,1,0,2,328,0
13,27.9,1,0,2,815,0
17,20.6,3,0,1,2224,0
11,38.0,3,0,1,861,0
10,10.0,1,0,2,1192,0
12,20.0,1,0,1,510,0
20,6.1,2,0,1,1003,0
22,14.1,1,0,1,1049,0
10,17.8,1,0,1,999,1
22,16.3,1,0,1,1004,0
15,20.5,1,0,1,935,0
14,29.7,1,0,1,1451,0
20,28.7,3,0,1,848,0
14,12.3,2,0,1,1024,0
3,19.7,1,0,2,487,0
10,27.9,1,0,1,888,1
18,30.4,2,0,1,2242,0
14,13.4,1,0,1,1181,0
3,27.1,1,0,3,233,0
20,23.3,2,0,1,1272,0
12,9.3,3,0,1,1059,0
21,28.0,1,0,1,535,0
18,21.5,3,0,1,2014,1
1,2.6,1,0,1,515,1
13,17.1,1,0,2,648,0
3,20.4,1,0,1,373,0
15,13.9,2,0,1,1131,0
20,32.3,3,0,1,789,0
19,32.6,2,0,2,990,0
13,16.2,1,0,1,1239,0
14,15.1,1,0,1,701,0
2,18.7,1,0,1,466,1
7,18.0,1,0,1,2591,0
15,14.1,1,0,2,1260,0
9,-17.1,4,0,1,1810,0
3,37.5,2,0,1,595,0
17,20.0,1,0,1,2222,0
1,18.2,1,0,1,233,0
16,23.3,1,0,1,2267,0
12,19.2,2,0,2,1144,1
3,15.7,3,0,1,100,0
10,9.9,2,0,1,1226,0
6,1.6,1,0,1,662,0
11,6.5,1,0,2,910,0
9,8.8,4,0,1,2357,0
6,26.5,4,0,3,647,0
12,27.2,1,0,1,1211,0
6,11.2,1,0,1,1139,0
23,-6.6,1,0,1,100,0
16,20.1,3,0,1,2042,1
9,15.8,2,0,1,2805,0
9,15.5,2,0,1,2418,0
23,29.6,1,0,1,162,0
3,21.4,1,0,1,365,0
19,10.2,1,0,1,957,0
3,7.9,3,0,1,100,0
21,17.4,1,0,2,955,0
6,10.9,2,0,1,902,0
21,19.3,1,0,2,973,0
0,30.3,3,0,1,100,1
11,6.2,3,0,1,872,0
23,20.9,1,0,3,100,0
12,29.2,3,0,1,949,0
9,19.1,1,0,1,2714,0
14,27.2,1,0,1,602,0
12,17.1,1,0,1,1259,0
22,21.7,3,0,2,776,0
21,24.4,3,0,2,1015,0
21,14.3,1,0,1,1186,0
20,39.9,2,0,1,710,0
21,25.8,2,0,2,829,0
8,33.0,3,0,1,2322,0
8,30.7,1,0,1,2251,0
14,23.3,1,0,1,1072,0
9,33.9,2,0,1,2348,0
23,21.9,1,0,2,119,0
9,12.7,1,0,1,2496,1
7,20.1,2,0,1,2938,0
23,9.9,1,0,1,453,0
15,-1.0,4,0,2,589,1
16,11.5,1,0,1,2539,0
4,20.7,4,0,2,100,0
3,30.6,1,0,2,100,0
17,11.4,1,0,1,2533,1
23,30.1,1,0,1,442,0
18,7.9,2,0,1,2812,1
3,10.8,2,0,2,374,0
6,34.5,1,0,2,1001,0
9,20.5,1,0,1,2432,0
17,18.3,2,0,1,2605,0
18,22.4,1,0,1,2256,0
3,7.9,2,0,2,164,0
9,16.7,1,0,1,2263,0
0,20.0,2,0,1,195,1
22,32.3,2,0,1,855,0
17,3.3,4,0,1,1841,0
4,37.6,2,0,1,172,0
14,18.8,1,0,1,1042,1
16,8.9,1,0,1,2753,1
2,7.1,2,0,1,357,0
11,22.7,1,0,3,885,0
1,6.5,3,0,1,327,0
0,14.4,2,0,1,322,0
22,17.5,1,0,1,1033,0
20,31.4,1,0,1,995,0
16,30.2,1,0,1,2845,1
21,13.6,1,0,3,1019,1
15,17.9,1,0,1,887,0
4,4.0,1,0,1,144,0
14,-0.4,1,0,1,1180,0
2,7.7,1,0,1,100,0
6,31.2,1,0,1,1271,1
10,27.8,1,0,3,616,0
9,23.8,1,0,1,2745,0
8,5.4,2,0,1,2659,0
13,12.9,1,0,3,912,1
12,11.4,1,0,1,849,0
1,18.3,2,0,1,546,0
2,17.7,4,0,1,599,0
6,10.0,1,0,1,877,0
20,23.5,1,0,1,1116,0
17,22.3,1,0,2,2695,0
2,12.7,1,0,2,420,1
9,23.0,3,0,2,2010,1
21,31.2,2,0,1,922,0
6,34.3,2,0,2,1055,0
8,24.9,1,0,1,2082,0
16,24.6,2,0,1,2768,0
10,17.6,1,0,1,658,0
6,30.3,1,0,1,832,0
23,9.3,1,0,3,232,0
13,29.1,1,0,1,800,0
18,17.1,1,0,2,2274,0
3,34.9,3,0,1,521,0
5,25.9,1,0,1,659,0
9,19.3,1,0,1,2809,0
6,17.6,1,0,1,1167,0
12,25.3,1,0,2,1492,1
13,24.8,2,0,1,946,0
3,16.0,2,0,3,227,0
7,20.9,2,0,1,2502,0
4,29.0,1,0,1,585,0
0,6.4,2,0,1,417,0
3,27.3,3,0,2,585,1
2,25.2,1,0,1,313,0
8,31.9,1,0,1,2200,0
7,12.8,3,0,1,1865,0
0,20.1,1,0,1,504,1
5,22.1,1,0,1,201,0
8,27.4,1,0,1,2519,0
6,24.3,1,0,1,1049,0
3,7.6,1,0,1,661,0
12,22.9,1,0,1,1175,0
16,40.0,2,0,1,2636,0
1,26.1,1,0,1,331,0
4,36.4,3,0,1,100,0
11,30.4,1,0,1,1048,0
20,33.6,4,0,1,1235,0
7,23.1,4,0,1,2102,0
5,25.2,2,0,1,189,0
7,22.6,3,0,1,1916,1
17,20.0,2,0,1,2783,0
2,27.4,3,0,1,133,0
21,14.8,1,0,2,959,0
11,38.9,1,0,1,771,0
2,10.7,2,0,1,244,0
21,28.1,1,0,1,1094,0
5,33.8,3,0,1,180,0
1,18.2,3,0,1,244,0
22,8.9,1,0,2,769,0
11,31.6,3,0,1,688,0
1,22.0,1,0,3,726,0
5,28.1,1,0,1,273,0
16,18.9,1,0,2,2572,0
2,37.3,1,0,2,139,0
1,-1.2,1,0,1,310,0
22,23.8,1,0,1,945,0
19,33.4,1,0,1,1220,0
7,21.1,2,0,2,2710,1
21,23.0,2,0,1,1231,0
11,15.7,1,0,1,1016,0
3,20.2,1,0,1,707,0
4,3.3,3,0,1,400,1
12,12.8,3,0,3,514,0
14,12.1,1,0,1,1308,0
22,26.7,1,0,1,998,0
15,14.3,3,0,1,1027,1
9,14.6,2,0,1,2289,0
22,16.2,1,0,2,985,0
15,12.5,1,0,3,1149,0
11,22.7,1,0,1,1048,0
16,23.8,2,0,1,2470,0
15,28.3,1,0,3,508,0
11,26.5,1,0,1,852,0
7,25.5,1,0,1,2304,0
19,16.7,4,0,1,427,0
2,16.1,2,0,1,158,0
15,11.3,2,0,1,1371,1
12,11.1,2,0,3,1231,0
22,21.9,1,0,1,832,1
18,12.8,3,0,1,1882,1
7,34.7,1,0,1,2382,0
21,19.6,3,0,2,951,0
4,35.0,1,0,1,380,0
19,25.7,1,0,1,857,0
7,12.2,1,0,1,2380,0
23,19.4,2,0,2,516,0
11,3.3,3,0,1,1104,0
0,21.9,1,0,1,120,0
20,13.1,1,0,1,976,1
19,8.9,3,0,1,825,1
5,35.2,1,0,3,262,0
21,30.3,3,0,1,1026,0
17,30.0,2,0,1,2469,0
7,27.8,1,0,1,2881,0
6,7.7,1,0,1,1240,0
0,16.0,1,0,1,162,0
20,16.6,1,0,2,1013,1
15,2.9,1,0,1,804,0
11,14.4,1,0,1,921,0
5,14.5,1,0,3,474,0
19,21.3,2,0,1,1049,0
1,45.3,3,0,1,662,0
13,19.8,1,0,1,755,0
3,21.3,1,0,2,293,1
0,17.5,1,0,1,198,1
22,27.4,1,0,1,936,0
17,9.3,3,0,1,2008,1
12,39.0,1,0,1,864,1
1,18.8,3,0,1,431,0
8,16.0,1,0,1,2850,0
20,29.7,2,0,1,532,0
1,11.1,1,0,1,578,0
8,27.2,3,0,3,2503,0
0,34.1,3,0,1,277,1
10,17.6,2,0,1,877,0
2,40.5,3,0,1,125,0
19,26.4,1,0,1,938,0
22,26.6,3,0,1,886,0
3,33.7,1,0,1,214,0
17,36.3,1,0,1,2484,0
22,22.6,1,0,1,808,0
5,28.0,4,0,1,148,0
2,34.0,3,0,1,157,0
21,8.4,3,0,1,792,0
10,2.7,3,0,1,508,0
14,19.4,1,0,1,934,0
21,2.5,3,0,2,757,0
4,16.9,4,0,2,276,0
19,23.1,1,0,1,1279,0
9,17.2,1,0,1,2479,0
11,18.6,2,0,1,756,1
14,10.0,4,0,1,826,0
16,27.9,3,0,3,1858,0
9,9.4,3,0,1,1853,1
5,-1.0,3,0,1,180,1
17,17.9,3,0,2,1896,0
12,29.2,2,0,1,786,0
2,20.8,2,0,1,202,1
23,8.4,1,0,1,391,0
9,21.0,2,0,1,2508,0
13,24.4,1,0,1,801,0
5,20.9,3,0,2,100,0
2,17.4,1,0,1,324,0
15,24.9,1,0,1,802,0
6,2.6,1,0,2,820,1
19,11.1,2,0,1,885,0
13,6.9,1,0,1,805,1
8,33.5,1,0,1,2520,0
14,27.1,1,0,1,938,0
20,21.9,1,0,1,1280,0
2,5.5,1,0,2,100,0
1,27.4,1,0,1,530,0
1,33.9,1,0,1,347,0
2,25.7,1,0,1,598,0
17,19.6,1,0,3,2771,0
13,26.3,1,0,1,914,0
19,22.7,3,0,3,518,0
17,29.3,1,0,1,2470,0
9,29.0,1,0,2,2104,0
1,17.8,1,0,2,431,0
21,13.4,1,0,2,1030,0
0,16.0,1,0,1,180,0
3,25.4,1,0,1,210,0
13,16.6,2,0,1,795,0
0,12.5,2,0,1,293,0
13,20.0,1,0,2,801,1
15,31.1,2,0,1,992,0
21,21.4,1,0,1,1070,0
13,17.2,3,0,1,930,0
19,23.2,1,0,1,1089,0
2,20.8,2,0,1,240,1
2,0.7,1,0,1,388,0
8,27.0,3,0,2,2027,0
5,24.1,1,0,1,325,1
12,20.2,1,0,1,794,0
20,30.6,2,0,1,750,0
1,32.1,1,0,2,351,0
7,28.0,2,0,1,2597,0
20,11.5,2,0,1,875,0
1,11.8,1,0,1,534,1
3,31.2,1,0,1,742,0
14,1.2,1,0,1,1350,0
3,18.5,2,0,2,246,0
12,24.4,1,0,1,913,0
11,2.5,1,0,1,1157,0
12,22.3,4,0,1,935,0
13,29.5,1,0,1,777,0
19,5.1,4,0,1,751,0
17,36.6,2,0,2,2632,0
5,9.9,1,0,1,120,0
10,25.7,1,0,1,851,0
1,19.2,2,0,1,181,0
22,20.7,1,0,2,920,1
18,7.2,1,0,1,2186,0
18,32.6,1,0,1,2638,0
4,23.3,2,0,1,153,0
18,36.2,2,0,3,2540,0
1,7.4,1,0,1,319,0
9,18.2,1,0,1,2297,0
1,22.1,3,0,2,100,0
10,20.6,4,0,1,817,0
17,26.7,1,0,1,2412,1
23,18.1,1,0,1,391,0
14,41.2,3,0,1,962,1
8,20.4,3,0,1,1592,1
22,-8.8,2,0,3,953,0
18,20.8,3,0,2,2208,1
8,32.6,2,0,2,2787,0
2,10.8,1,0,1,100,1
20,10.1,2,0,1,1230,0
8,11.6,2,0,1,2298,0
13,9.2,4,0,1,941,0
18,15.2,1,0,1,2390,0
6,29.1,1,0,1,1149,0
15,35.3,2,0,1,927,1
15,-4.2,1,0,1,712,1
0,16.2,1,0,3,183,0
3,23.0,3,0,1,348,0
3,22.0,1,0,1,215,0
6,39.0,2,0,1,785,1
7,-0.1,3,0,1,1745,0
16,-5.9,1,0,1,2338,0
4,40.6,4,0,1,100,0
6,27.5,2,0,1,1114,0
19,14.3,1,0,1,920,0
19,21.7,1,0,2,940,0
3,22.4,4,0,1,204,0
5,14.0,1,0,1,408,0
6,21.4,1,0,1,1127,0
17,23.5,1,0,1,2394,0
4,40.2,1,0,2,247,0
19,29.6,1,0,1,1128,0
2,37.4,4,0,1,100,0
6,6.6,3,0,1,690,0
21,16.5,1,0,2,1128,0
13,22.4,1,0,1,885,0
6,0.8,2,0,2,1049,0
4,31.8,1,0,1,100,1
21,26.4,3,0,2,916,0
4,16.3,3,0,3,199,1
22,18.2,3,0,1,881,1
1,32.5,1,0,1,523,0
20,12.0,1,0,1,933,0
21,32.9,1,0,1,693,0
5,17.5,1,0,1,227,0
14,27.6,1,0,1,1242,0
20,20.9,3,0,1,833,0
9,42.3,3,0,1,1787,0
22,11.1,4,0,1,761,1
23,14.3,3,0,1,337,0
6,4.9,1,0,1,974,0
4,9.0,2,0,2,269,0
0,27.1,1,0,2,157,0
12,36.0,1,0,3,873,0
20,28.3,1,0,1,1044,0
17,19.9,2,0,1,2598,0
12,11.1,2,0,1,965,0
20,29.0,1,0,1,901,0
20,10.5,1,0,1,1151,0
17,6.5,1,0,1,2415,0
4,16.9,1,0,2,357,0
12,-0.3,1,0,1,1106,0
3,6.2,2,0,1,100,0
16,38.9,3,0,2,2027,0
2,4.3,1,0,1,100,0
16,8.1,2,0,1,2479,0
10,20.7,1,0,1,1115,1
20,21.2,4,0,2,867,0
19,17.7,1,0,1,1160,0
22,-0.0,3,0,1,870,0
20,28.5,3,0,1,691,0
3,15.6,3,0,1,100,0
1,32.2,1,0,1,322,0
19,13.6,2,0,1,1095,0
15,29.8,1,0,1,648,0
17,33.0,1,0,1,2580,0
7,15.3,1,0,1,2517,0
2,28.8,3,0,1,167,0
8,6.7,3,0,1,2087,0
19,22.6,1,0,1,944,0
5,32.2,1,0,1,232,1
9,25.2,4,0,1,1745,1
20,44.1,1,0,1,1080,0
9,25.7,1,0,2,2238,0
12,16.3,1,0,2,863,0
16,48.4,2,0,1,2591,1
8,36.3,1,0,2,2466,1
16,4.0,2,0,1,2841,0
23,12.2,1,0,2,418,0
8,9.6,1,0,1,2650,0
8,26.5,1,0,1,2670,0
0,25.7,1,0,1,251,1
1,25.6,1,0,1,193,0
15,3.7,1,0,1,757,0
0,13.6,3,0,1,100,0
9,18.5,1,0,1,2729,0
17,1.8,2,0,2,2375,0
7,11.3,4,0,1,2178,0
20,33.6,3,0,1,505,0
10,4.5,4,0,2,763,0
22,34.6,1,0,1,1253,1
1,30.9,1,0,2,353,1
7,17.1,3,0,1,2058,0
21,13.5,3,0,1,682,0
7,28.3,3,0,1,1819,0
16,12.1,2,0,1,2491,0
14,12.6,2,0,1,774,0
16,19.8,1,0,1,2478,0
22,-1.3,2,0,1,1196,1
23,5.5,1,0,1,100,0
12,16.8,1,0,1,1128,0
18,24.8,1,0,1,2699,0
4,12.0,1,0,2,247,1
11,18.0,1,0,1,1006,0
0,3.9,3,0,2,144,1
22,29.3,3,0,1,737,0
4,22.2,2,0,2,463,0
7,23.1,1,0,1,2644,0
12,24.9,4,0,1,878,0
7,20.8,1,0,1,2621,0
22,15.2,2,0,1,1040,0
10,31.3,1,0,1,754,0
0,21.6,1,0,1,512,0
12,18.3,1,0,1,821,0
18,19.9,2,0,1,2479,0
23,19.7,1,0,1,470,0
2,18.2,1,0,1,100,1
23,24.5,1,0,1,424,0
16,10.6,1,0,3,2261,0
4,11.4,2,0,1,418,0
19,25.6,1,0,1,1240,0
20,18.5,1,0,1,852,0
7,29.7,1,0,1,2326,0
13,24.1,1,0,1,1015,0
3,14.5,1,0,1,120,0
10,25.8,2,0,2,564,0
19,32.0,1,0,1,994,0
14,24.5,1,0,1,1067,0
18,26.7,1,0,1,2434,0
6,18.3,1,0,1,1022,0
18,29.9,1,0,1,2709,1
18,14.2,1,0,1,2428,0
10,23.4,1,0,1,954,0
4,45.7,1,0,1,296,1
4,25.4,3,0,1,177,1
21,15.8,2,0,3,937,0
7,15.8,2,0,1,2841,1
9,19.3,1,0,1,2525,0
5,28.5,2,0,1,240,1
14,21.5,3,0,1,1076,0
15,13.5,2,0,2,1217,0
16,13.5,1,0,2,2624,0
7,21.5,1,0,1,2378,1
7,20.4,1,0,1,3046,0
8,24.5,1,0,1,2186,0
1,29.2,1,0,2,100,0
14,47.3,3,0,1,876,0
17,5.4,2,0,2,2428,0
2,26.9,1,0,1,100,0
16,21.0,1,0,1,2471,0
3,1.6,1,0,2,315,0
3,32.5,1,0,3,266,0
13,24.2,1,0,1,1060,0
8,28.0,1,0,2,2406,1
8,3.0,1,0,2,2472,0
22,17.8,4,0,2,1061,0
17,9.2,1,0,3,2691,0
9,41.6,1,0,1,2458,0
20,31.4,1,0,1,1109,0
3,13.2,1,0,2,474,0
11,4.6,1,0,1,812,0
7,21.9,2,0,1,2566,0
1,30.9,1,0,1,331,0
21,2.6,1,0,2,1131,0
12,10.7,3,0,1,611,1
20,8.9,1,0,1,993,0
15,28.7,1,0,1,849,0
1,16.3,1,0,1,366,1
10,16.7,2,0,1,834,0
9,21.7,1,0,1,2390,0
14,11.2,1,0,1,1024,0
16,5.6,2,0,2,2311,0
7,33.7,1,0,1,2176,0
17,34.6,1,0,3,2707,0
22,21.8,1,0,1,871,0
8,22.5,2,0,3,2220,0
7,32.6,3,0,1,1778,0
13,21.6,4,0,1,780,0
17,15.8,3,0,1,2315,0
21,20.4,2,0,1,972,0
19,33.9,2,0,1,1116,1
19,20.5,2,0,1,923,0
20,13.3,1,0,2,1037,0
11,21.5,1,0,1,958,0
18,26.6,1,0,3,2614,1
13,25.4,1,0,1,773,1
16,25.5,2,0,3,2515,1
23,11.7,1,0,1,330,0
20,27.7,1,0,1,1079,0
2,20.3,1,0,1,100,0
22,12.9,3,0,2,704,0
6,27.6,2,0,1,1120,0
16,15.5,1,0,1,2545,0
11,4.3,1,0,1,1346,0
8,10.0,1,0,1,2394,1
14,18.2,1,0,1,602,0
17,25.8,1,0,1,2406,0
20,11.4,2,0,2,467,0
12,17.6,1,0,1,1140,0
20,7.8,1,0,2,999,0
7,29.8,1,0,1,2579,0
13,37.2,1,0,1,1111,0
7,36.1,1,0,3,2707,0
13,29.6,1,0,1,481,0
6,28.6,1,0,1,591,0
22,-0.7,3,0,2,648,1
11,21.8,1,0,1,939,0
10,15.0,1,0,1,1039,0
21,28.8,1,0,1,1024,0
21,-5.4,2,0,1,1035,0
10,21.9,1,0,1,687,0
21,17.9,2,0,1,841,1
12,31.2,3,0,1,735,0
17,35.5,1,0,2,2469,0
1,10.7,2,0,1,199,0
20,11.2,3,0,1,850,0
14,22.3,1,0,1,771,0
19,37.3,2,0,2,903,0
17,20.6,1,0,2,2600,0
14,7.2,1,0,2,1040,0
18,13.9,2,0,2,2425,0
22,22.0,2,0,1,929,1
23,22.4,3,0,1,144,0
11,13.0,1,0,1,932,0
12,13.7,1,0,1,899,0
21,10.2,1,0,1,927,1
10,31.4,1,0,1,1059,0
4,11.7,1,0,1,354,1
0,15.4,1,0,3,100,0
23,15.1,1,0,1,658,0
2,3.9,1,0,1,191,0
21,11.4,1,0,1,1093,1
18,32.3,4,0,1,1785,0
22,7.9,2,0,1,1292,0
6,10.4,1,0,1,1107,0
11,6.7,3,0,1,876,0
14,19.1,2,0,1,964,1
4,38.9,3,0,1,100,0
14,18.7,1,0,1,1332,0
7,20.7,1,0,1,2670,0
9,12.0,3,0,1,1935,0
15,19.4,1,0,1,1095,0
7,32.3,3,0,2,1737,0
0,21.4,3,0,1,100,0
11,41.3,4,0,2,803,0
4,32.6,1,0,3,140,0
2,19.1,1,0,3,203,1
0,18.9,1,0,2,289,0
3,36.3,4,0,2,100,0
7,21.4,1,0,1,2483,1
2,34.1,1,0,1,100,0
9,40.0,1,0,1,2702,0
1,18.0,1,0,1,279,0
10,23.5,1,0,1,1105,0
9,29.8,1,0,1,2145,0
20,27.7,3,0,3,917,0
13,27.6,1,0,1,1299,0
6,6.7,3,0,1,823,0
1,11.5,2,0,1,404,0
8,15.0,2,0,1,2452,0
15,32.1,2,0,1,1075,0
12,7.6,1,0,1,1320,0
8,35.2,1,0,1,2949,1
19,27.8,2,0,1,1063,0
3,31.5,1,0,1,100,0
21,10.7,1,0,1,1124,0
9,20.7,1,0,1,2252,0
21,23.0,2,0,1,875,0
11,22.5,1,0,1,897,0
16,23.0,1,0,1,2908,0
13,17.2,1,0,1,1285,1
13,21.4,4,0,1,1044,1
1,30.3,1,0,1,464,1
20,8.3,2,0,2,818,1
19,35.5,1,0,1,1047,0
10,29.8,2,0,2,1367,1
15,10.3,1,0,1,1089,0
18,23.8,2,0,1,2706,0
22,29.0,1,0,2,678,0
5,7.6,1,0,2,444,0
23,20.4,2,0,3,100,1
18,19.2,2,0,1,2455,0
4,13.5,2,0,1,584,0
3,20.9,3,0,2,309,0
14,14.0,1,0,1,1163,0
3,33.7,3,0,2,203,0
19,13.7,1,0,1,614,1
9,27.9,2,0,3,2312,1
23,3.4,1,0,2,436,0
21,18.4,1,0,1,1066,0
2,20.1,1,0,1,632,0
4,18.1,1,0,1,325,0
5,16.0,1,0,1,121,0
20,13.3,1,0,1,994,0
21,27.5,1,0,1,1199,0
7,30.0,1,0,2,2148,0
6,19.2,1,0,3,1069,0
20,9.0,1,0,1,747,0
9,37.9,1,0,1,2532,0
5,11.2,1,0,2,445,1
13,5.4,3,0,2,910,0
3,-0.1,3,0,2,508,0
12,21.0,1,0,1,1050,0
19,17.8,2,0,2,1102,1
16,30.3,2,0,1,2609,0
22,26.1,1,0,3,806,0
6,22.9,2,0,3,974,0
3,17.3,1,0,2,100,0
13,31.1,1,0,1,1075,0
2,38.7,1,0,2,100,1
23,30.1,1,0,1,469,0
4,15.4,2,0,1,630,0
15,27.8,1,0,2,1099,0
22,16.0,1,0,1,1130,0
19,8.9,1,0,1,1240,0
3,11.0,2,0,2,213,0
23,16.4,3,0,2,100,0
23,21.0,2,0,2,282,0
1,40.6,1,0,1,147,1
17,11.2,1,0,2,2515,0
18,33.2,1,0,1,2550,0
18,16.8,1,0,2,2404,0
16,-0.2,1,0,1,2357,0
13,14.9,1,0,2,569,0
18,31.8,1,0,1,2466,0
21,23.4,3,0,3,712,1
23,24.0,2,0,1,226,0
12,33.3,1,0,1,1146,0
11,9.6,1,0,1,1393,0
5,9.5,1,0,2,228,0
20,-2.6,2,0,1,1077,1
3,28.8,2,0,1,350,0
18,25.6,4,0,1,2226,0
15,27.2,1,0,2,817,0
12,8.2,3,0,1,611,0
3,4.0,1,0,1,135,0
22,6.8,3,0,1,346,0
16,10.8,2,0,2,2490,1
22,35.5,2,0,1,789,0
0,30.0,1,0,3,350,0
17,15.4,2,0,3,2021,0
19,23.0,1,0,1,988,0
16,13.2,1,0,1,2448,0
14,23.6,1,0,2,891,0
10,8.6,1,0,3,1199,0
21,27.5,1,0,2,839,0
12,11.5,1,0,1,1060,0
0,28.1,1,0,1,173,0
16,15.7,1,0,1,2831,0
5,12.1,1,0,1,272,1
3,36.1,1,0,1,435,0
19,21.8,1,0,1,1121,0
15,16.8,1,0,1,1229,0
14,27.6,1,0,1,1029,0
14,6.6,3,0,1,536,0
5,31.1,1,0,1,388,0
14,18.6,2,0,2,1055,1
13,26.0,1,0,1,392,0
10,4.5,4,0,1,465,0
6,16.2,1,0,1,1141,0
8,20.0,1,0,1,2784,0
15,30.3,1,0,1,983,0
4,26.8,1,0,1,461,0
19,16.1,2,0,1,1021,0
9,23.2,1,0,2,2507,1
17,32.6,1,0,1,2471,0
2,18.0,3,0,1,256,0
12,16.9,1,0,2,1077,0
10,1.1,1,0,1,919,0
16,17.2,1,0,2,2749,0
21,2.6,1,0,1,799,1
12,18.9,3,0,1,1140,0
5,29.9,3,0,1,196,1
16,-1.2,3,0,3,1989,0
12,32.3,3,0,1,674,0
18,16.7,1,0,1,2581,1
20,19.7,1,0,1,924,0
18,15.0,1,0,1,2404,0
9,2.9,2,0,3,2622,1
2,12.2,3,0,1,472,0
13,41.0,1,0,2,791,0
18,9.0,1,0,1,2665,0
4,4.1,3,0,2,489,0
4,21.4,1,0,1,100,1
19,19.1,3,0,2,630,1
16,16.8,1,0,1,2744,0
20,20.1,1,0,2,1074,0
9,26.4,1,0,1,2841,1
4,14.1,2,0,1,264,0
3,21.9,1,0,2,194,0
5,30.2,1,0,1,572,0
3,10.0,3,0,2,100,1
6,-3.2,2,0,1,951,0
6,26.7,2,0,1,1111,1
17,45.0,1,0,2,2631,1
2,19.9,3,0,1,100,0
0,22.0,1,0,1,352,0
23,17.0,1,0,3,241,0
3,35.9,1,0,1,100,0
5,19.2,1,0,1,207,0
8,18.1,3,0,1,1673,0
21,29.1,1,0,2,868,0
13,15.2,1,0,3,759,1
11,7.2,3,0,3,954,0
19,28.8,2,0,1,1060,0
23,14.1,2,0,1,607,0
3,10.2,1,0,1,115,0
20,41.0,2,0,1,1024,0
23,18.2,1,0,1,100,0
11,24.9,4,0,1,673,1
9,20.3,1,0,2,2420,0
21,11.1,2,0,2,1394,0
6,26.9,1,0,1,1072,1
2,23.1,1,0,3,274,0
22,13.4,1,0,3,1215,0
13,24.3,1,0,1,1134,0
23,14.9,1,0,1,288,0
9,9.0,2,0,1,2635,0
15,7.9,1,0,1,938,0
15,22.7,2,0,1,1597,1
21,16.2,1,0,1,1244,0
9,35.0,1,0,3,2418,0
12,19.6,2,0,1,1151,0
5,12.1,2,0,1,409,0
11,21.6,1,0,1,1056,0
8,7.1,1,0,1,2602,0
12,19.2,2,0,1,837,0
3,23.2,1,0,1,212,0
23,22.0,1,0,3,631,0
10,33.0,2,0,1,1040,0
19,46.0,1,0,2,859,0
17,26.7,1,0,1,2471,0
10,31.8,3,0,1,693,0
20,45.4,2,0,1,1179,0
3,9.9,1,0,2,187,0
17,21.3,1,0,2,2508,0
0,15.2,1,0,1,167,0
6,28.4,3,0,1,1241,0
5,22.7,2,0,1,425,0
14,11.8,1,0,2,1117,0
17,20.1,1,0,1,2639,0
23,30.5,1,0,1,221,0
10,7.0,1,0,1,1304,0
19,12.0,2,0,1,986,1
23,10.5,1,0,2,654,1
14,23.3,1,0,1,935,0
15,32.4,1,0,1,1143,0
6,-0.1,1,0,1,1033,0
20,20.9,1,0,1,1053,0
9,10.8,1,0,1,2165,1
11,30.1,2,0,2,803,0
23,17.6,4,0,1,541,0
13,21.3,3,0,1,542,0
4,20.0,1,0,1,478,0
20,31.2,2,0,2,1519,0
17,40.5,4,0,1,2110,0
4,8.7,1,0,2,725,0
2,10.5,1,0,1,438,1
22,23.2,1,0,2,1052,0
4,11.8,1,0,1,374,1
23,29.3,2,0,1,264,0
16,30.9,1,0,1,2458,0
18,14.5,1,0,3,2394,0
18,12.4,1,0,3,2584,0
20,17.3,1,0,2,1440,0
11,21.0,1,0,2,1284,1
8,23.1,1,0,1,2540,1
0,-2.5,1,0,1,422,0
17,10.3,3,0,3,1982,0
20,16.0,3,0,2,1084,0
3,12.0,3,0,1,100,0
9,-8.6,2,0,1,2886,1
6,1.1,2,0,1,890,0
21,6.9,2,0,1,923,0
22,18.8,2,0,1,755,0
0,15.6,2,0,1,330,0
16,13.7,1,0,1,2363,0
23,28.0,1,0,2,532,0
1,28.0,2,0,2,435,1
10,21.5,1,0,2,861,0
8,21.2,1,0,2,2324,0
6,11.4,1,0,1,871,0
21,12.6,1,0,2,810,0
16,2.9,4,0,1,1944,0
16,17.5,1,0,3,2331,0
1,27.9,1,0,1,533,0
5,33.5,1,0,3,200,1
13,17.6,3,0,1,915,0
5,24.9,1,0,1,416,0
1,-8.6,2,0,1,100,0
0,15.7,3,0,1,382,0
9,15.4,1,0,1,2158,0
20,34.9,1,0,1,833,0
4,23.9,1,0,2,433,0
1,24.9,2,0,1,324,0
21,24.4,2,0,1,931,0
15,20.5,1,0,1,643,0
1,35.3,1,0,1,492,0
9,-3.1,1,0,1,2586,1
1,21.5,2,0,1,128,0
15,31.3,1,0,3,807,0
15,1.1,1,0,1,1205,0
18,28.4,1,0,2,2560,0
6,12.4,2,0,2,727,0
21,21.1,2,0,2,853,0
11,12.2,1,0,1,1391,0
23,29.6,2,0,1,500,1
14,17.1,1,0,1,1000,0
7,28.5,4,0,2,2004,0
5,24.4,1,0,1,100,0
9,12.1,2,0,3,2761,1
2,25.0,1,0,1,209,0
18,13.4,1,0,1,2338,0
16,20.6,2,0,1,2649,0
6,16.9,1,0,1,874,1
20,29.0,1,0,3,635,0
19,25.4,1,0,1,1081,1
3,19.7,1,0,1,100,0
13,13.1,1,0,1,988,0
19,7.3,1,0,1,1063,0
21,21.4,2,0,1,944,0
14,13.7,2,0,1,945,0
23,1.2,1,0,1,610,0
7,6.7,1,0,1,2813,0
20,36.3,3,0,1,616,0
14,13.4,1,0,1,881,0
21,30.8,1,0,1,892,0
19,16.4,2,0,2,993,0
13,32.4,2,0,3,983,0
8,31.7,1,0,2,2843,0
7,11.7,1,0,3,2462,0
16,0.1,1,0,1,2293,0
1,1.0,4,0,1,122,0
23,11.9,1,0,1,374,0
2,38.9,4,0,1,188,0
7,15.9,1,0,1,2562,0
11,21.5,1,0,2,951,0
0,33.0,1,0,1,444,1
9,21.1,2,0,1,2482,0
19,20.8,1,0,1,756,0
2,26.2,1,0,1,230,0
5,22.9,3,0,1,682,0
6,19.0,4,0,2,1047,0
19,12.8,1,0,1,767,1
22,20.8,1,0,3,1355,1
17,30.9,2,0,3,2527,0
10,37.8,2,0,1,902,0
18,22.9,1,0,1,2443,0
4,27.6,3,0,2,251,0
18,22.7,1,0,1,2716,0
10,19.1,2,0,1,1038,0
23,25.1,1,0,3,366,0
11,31.9,1,0,1,1242,0
9,11.1,1,0,1,2420,0
7,5.5,2,0,1,2560,0
23,14.7,4,0,1,327,0
8,22.1,1,0,1,2526,0
3,28.7,1,0,1,399,0
4,10.1,1,0,1,161,0
20,-4.9,3,0,1,995,1
7,14.9,4,0,3,1889,1
22,18.1,2,0,2,1090,0
8,8.4,1,0,1,2542,0
14,12.4,4,0,1,662,0
14,28.7,1,0,1,1324,0
15,20.8,1,0,1,1343,0
13,23.5,1,0,2,815,0
7,16.4,1,0,1,2659,0
17,12.5,3,0,1,1975,0
9,16.4,2,0,1,2365,1
19,25.0,1,0,2,1073,0
5,5.1,1,0,3,466,0
11,36.5,1,0,1,1032,0
1,25.7,1,0,1,227,0
6,14.6,1,0,1,1265,1
15,28.1,1,0,1,1273,1
2,32.2,2,0,1,163,0
12,16.7,3,0,3,818,0
2,17.8,3,0,1,100,0
17,34.9,4,0,2,2167,0
10,41.2,2,0,3,1265,0
7,20.3,1,0,1,2577,0
5,8.4,3,0,1,100,0
0,15.3,1,0,2,623,0
0,30.3,2,0,1,706,0
22,9.7,1,0,1,913,0
7,17.9,3,0,1,2089,0
4,22.9,1,0,1,463,0
15,10.8,1,0,1,1157,0
10,31.0,1,0,1,1009,0
4,26.9,1,0,1,659,0
3,40.1,4,0,1,100,0
5,27.8,1,0,1,100,1
13,10.4,1,0,1,996,0
21,25.3,3,0,1,1148,0
18,29.9,2,0,1,2731,1
8,30.4,1,0,1,2201,0
11,12.2,1,0,2,1568,0
10,11.0,1,0,2,1110,0
13,8.6,3,0,2,569,0
22,36.0,2,0,3,981,0
15,26.2,4,0,1,993,0
0,11.8,1,0,1,550,0
12,21.3,1,0,1,986,0
22,18.8,1,0,3,1104,0
20,10.3,2,0,2,975,0
20,20.4,1,0,1,986,0
12,21.9,1,0,1,1144,0
1,39.3,1,0,1,588,0
3,13.4,1,0,1,100,0
5,2.9,2,0,1,253,0
22,9.5,1,0,3,879,0
4,11.1,1,0,1,100,0
2,15.7,1,0,3,100,0
0,9.5,3,0,1,244,1
3,28.2,1,0,1,100,1
19,8.8,1,0,2,778,0
1,20.2,1,0,1,264,0
4,40.0,1,0,1,104,0
2,25.5,3,0,2,341,1
8,24.5,1,0,2,2404,0
19,38.6,3,0,1,561,0
5,32.5,1,0,1,765,0
17,25.7,3,0,1,1573,1
5,16.9,2,0,3,471,0
18,19.8,1,0,3,2569,0
11,19.3,2,0,1,903,0
10,16.0,1,0,1,818,0
1,22.1,1,0,3,645,0
14,23.5,1,0,1,1424,1
11,7.6,1,0,1,941,0
11,36.3,2,0,1,912,0
8,24.1,1,0,1,2725,0
20,17.4,3,0,1,750,0
23,22.2,1,0,1,416,1
1,29.3,1,0,1,411,1
21,5.3,3,0,3,807,0
2,18.9,2,0,1,333,0
11,8.1,2,0,1,1073,0
15,46.6,2,0,2,782,0
20,21.4,3,0,2,664,1
23,8.2,1,0,1,345,0
0,56.0,2,0,1,209,1
20,14.6,1,0,1,1555,0
2,17.9,1,0,1,326,0
19,18.6,1,0,1,652,0
1,11.5,1,0,1,100,0
8,22.5,1,0,1,2664,0
18,-2.1,3,0,2,2028,0
14,30.9,2,0,1,1288,0
17,8.7,1,0,1,2371,0
10,15.8,1,0,1,975,0
22,27.5,1,0,1,1055,1
15,18.0,1,0,1,968,0
21,18.4,2,0,2,952,0
16,9.9,1,0,2,2645,0
4,41.0,1,0,2,133,0
11,25.3,3,0,1,907,0
10,9.2,2,0,1,1365,1
14,21.8,2,0,1,1331,0
2,8.5,2,0,1,100,0
0,37.2,1,0,2,202,0
19,22.0,1,0,2,1058,0
15,10.2,3,0,2,1055,1
1,27.0,2,0,2,341,1
1,17.2,1,0,3,555,0
2,7.1,1,0,1,166,0
7,23.8,2,0,3,2565,0
23,23.5,1,0,1,370,0
14,31.4,1,0,2,1262,0
6,20.6,1,0,1,1181,0
5,21.1,1,0,1,438,0
8,21.6,1,0,2,2669,0
19,36.0,1,0,1,758,0
0,16.9,2,0,3,265,0
7,24.7,1,0,1,2299,0
22,26.2,1,0,1,869,0
22,23.5,1,0,1,965,0
2,16.5,4,0,1,100,0
3,21.2,1,0,1,272,1
14,19.1,1,0,1,843,0
5,39.6,2,0,1,100,1
14,15.4,1,0,1,1019,0
20,10.9,1,0,1,922,0
2,19.9,1,0,1,368,0
20,19.2,4,0,3,670,1
20,22.0,3,0,1,764,0
13,15.4,3,0,1,1291,0
19,21.1,1,0,1,1124,0
13,21.3,3,0,1,630,0
3,29.1,1,0,1,547,0
11,20.9,2,0,1,1309,0
16,21.0,2,0,1,2619,0
6,25.2,1,0,1,843,0
8,28.7,2,0,1,2706,0
2,10.2,1,0,2,184,1
12,7.5,1,0,1,1270,0
14,37.0,3,0,1,751,0
17,27.0,1,0,1,2444,1
18,17.8,1,0,1,2604,0
0,20.2,1,0,1,582,0
5,16.1,3,0,1,713,0
22,22.1,1,0,1,1005,0
1,10.3,1,0,1,218,0
23,28.4,3,0,1,100,0
13,21.8,1,0,1,703,0
5,22.1,1,0,1,100,0
13,11.1,2,0,1,1047,0
3,25.2,1,0,1,510,0
20,11.3,3,0,1,619,0
7,13.1,1,0,2,2657,1
2,20.9,3,0,2,100,1
18,45.1,3,0,1,1851,1
13,21.7,1,0,3,786,1
19,-5.7,1,0,1,1266,0
16,13.6,4,0,1,2321,1
7,26.8,1,0,1,2354,0
23,8.7,1,0,1,138,0
13,28.3,2,0,1,1124,0
5,21.6,2,0,1,645,0
22,29.9,3,0,1,1122,0
21,14.4,1,0,3,922,0
15,13.6,1,0,1,963,0
18,25.6,3,0,3,1753,1
13,19.9,3,0,1,720,0
18,19.3,2,0,1,2519,0
2,35.7,4,0,1,100,0
9,26.0,2,0,1,2391,0
18,0.1,1,0,1,2544,0
8,28.0,3,0,1,1696,1
19,27.0,1,0,1,1093,0
12,31.8,1,0,1,1204,1
6,10.6,1,0,1,1114,0
13,23.2,2,0,1,900,0
8,21.1,4,0,3,2234,0
22,10.4,1,0,1,1277,0
18,29.5,1,0,2,2563,0
14,17.6,1,0,1,1029,0
19,31.5,3,0,1,676,0
13,12.6,2,0,1,918,0
23,5.4,1,0,1,514,0
5,17.6,2,0,3,669,0
20,22.3,1,0,1,917,0
3,14.7,1,0,3,265,1
7,-10.6,1,0,2,2370,0
16,23.8,3,0,1,1913,0
8,23.8,1,0,1,2248,0
0,26.9,2,0,1,385,1
23,16.2,1,0,1,100,0
19,15.6,1,0,1,890,1
13,34.4,1,0,1,987,0
10,4.2,1,0,1,737,1
20,17.5,1,0,1,845,0
2,21.4,2,0,1,100,1
8,26.1,1,0,2,2719,0
13,21.7,2,0,1,1284,0
8,10.8,1,0,1,2342,0
3,31.7,1,0,1,852,0
3,20.0,1,0,2,113,0
7,3.3,4,0,1,1915,1
1,22.1,1,0,3,398,1
8,24.8,1,0,3,2617,0
13,39.6,3,0,3,736,0
21,24.1,1,0,1,1218,0
8,5.2,3,0,1,2239,0
23,5.5,1,0,3,298,0
22,32.6,2,0,2,969,0
15,12.0,1,0,3,877,0
16,4.5,3,0,1,1791,0
15,30.0,1,0,1,839,0
11,15.2,1,0,1,1108,0
2,29.5,1,0,2,300,0
10,10.9,1,0,2,951,1
13,34.7,2,0,1,885,0
17,28.7,1,0,1,2390,0
20,12.8,1,0,1,990,0
20,3.4,1,0,1,975,1
4,43.1,1,0,1,299,1
15,17.9,1,0,1,911,0
19,12.4,1,0,1,865,0
4,33.9,2,0,1,301,0
2,29.5,4,0,3,369,0
11,31.8,1,0,2,898,0
0,19.0,2,0,2,100,0
20,38.8,1,0,2,726,0
8,6.9,1,0,1,2714,0
8,14.5,1,0,2,2698,0
3,23.9,1,0,3,429,0
2,31.7,1,0,1,402,0
16,26.6,3,0,1,2203,0
1,19.2,3,0,2,171,0
23,15.2,1,0,3,327,0
0,31.7,1,0,1,145,0
7,27.6,4,0,1,1964,0
12,11.3,1,0,3,1379,0
22,11.0,2,0,3,834,0
14,14.5,1,0,1,766,0
7,13.3,1,0,1,2461,0
11,30.3,1,0,1,920,0
21,24.4,3,0,1,853,0
11,25.6,3,0,3,958,0
13,21.9,1,0,1,925,0
14,22.4,3,0,1,1221,1
14,4.2,1,0,3,1246,0
8,27.9,1,0,1,2347,0
18,14.4,2,0,2,2484,0
19,19.7,1,0,1,1105,0
21,15.3,1,0,2,834,0
7,21.5,1,0,3,2087,0
20,25.7,4,0,1,1185,0
18,9.9,3,0,2,1778,0
5,22.5,3,0,3,410,0
19,15.5,1,0,3,1140,0
18,33.2,2,0,1,2336,1
3,8.9,1,0,1,691,0
22,10.0,4,0,1,812,0
6,16.4,1,0,1,1027,0
3,10.7,1,0,1,100,0
21,17.8,1,0,1,577,0
11,14.7,3,0,2,751,0
12,20.9,2,0,1,1259,0
2,30.1,1,0,2,100,0
21,20.7,1,0,2,1029,0
11,21.6,3,0,1,816,0
1,9.4,1,0,1,548,0
23,18.7,3,0,2,443,0
1,15.8,3,0,1,268,0
22,26.8,1,0,1,981,0
8,12.4,1,0,2,2356,0
0,11.4,1,0,1,100,0
7,23.2,1,0,2,2374,0
22,39.8,1,0,3,778,0
5,18.2,2,0,1,278,0
5,21.7,1,0,2,293,0
21,29.5,1,0,1,945,0
17,25.1,2,0,2,2521,0
16,25.2,2,0,2,2408,0
11,19.0,3,0,1,968,0
5,19.2,1,0,1,345,0
7,12.4,2,0,1,2403,1
18,24.9,3,0,1,1766,0
9,24.6,1,0,3,2483,0
0,27.2,1,0,1,528,0
12,15.1,1,0,1,1117,0
16,28.3,3,0,1,2151,0
2,31.3,1,0,1,444,0
7,7.9,3,0,2,2243,0
13,17.0,3,0,1,972,0
2,31.8,1,0,2,329,0
15,13.5,1,0,2,918,0
12,25.3,1,0,1,1175,0
19,20.1,1,0,1,516,0
23,23.3,2,0,1,553,0
16,20.4,2,0,1,2638,1
12,27.5,1,0,1,1327,1
5,9.8,3,0,3,100,0
16,10.9,1,0,3,2732,0
13,34.6,1,0,1,1132,0
16,41.0,1,0,1,2378,1
7,19.9,1,0,1,2472,0
10,37.2,4,0,2,758,0
19,12.3,2,0,1,927,0
0,14.7,1,0,1,100,0
6,34.6,1,0,1,1234,0
20,28.0,1,0,2,810,0
20,36.1,1,0,1,790,0
16,24.7,2,0,1,2739,0
9,9.9,3,0,1,1719,0
10,22.2,3,0,1,739,0
21,32.0,1,0,3,801,1
8,18.7,1,0,1,2827,0
8,17.1,1,0,1,2728,0
23,24.8,1,0,3,135,0
4,14.4,1,0,1,100,0
16,23.0,1,0,1,2653,0
8,20.6,1,0,2,2586,0
16,15.1,2,0,2,2429,0
23,29.8,2,0,1,210,0
20,26.5,1,0,2,953,0
18,16.5,2,0,2,2680,0
6,19.9,1,0,1,1314,0
22,17.3,1,0,1,1364,0
8,13.6,3,0,1,1853,0
6,3.0,1,0,3,1011,0
12,15.2,3,0,3,1068,1
10,13.8,1,0,1,825,0
13,21.1,1,0,1,863,0
18,24.4,1,0,1,2659,1
10,12.0,2,0,1,906,0
12,23.7,3,0,1,504,1
13,10.4,2,0,1,834,0
12,18.7,2,0,1,1198,0
0,14.0,1,0,1,349,0
7,27.5,1,0,2,2187,1
11,21.2,2,0,2,878,0
18,18.9,1,0,2,2864,0
11,13.7,4,0,1,786,0
7,16.7,1,0,2,2451,0
7,38.3,1,0,3,2501,1
20,15.0,1,0,1,1041,0
12,24.8,3,0,1,721,0
11,18.9,3,0,3,1068,0
15,24.5,1,0,1,905,0
0,28.4,1,0,1,498,0
12,16.5,1,0,1,1364,0
6,27.1,1,0,1,1075,0
4,47.6,4,0,1,100,1
7,25.7,1,0,1,2537,0
13,36.1,1,0,1,887,0
22,24.8,1,0,1,1179,0
12,10.7,1,0,2,1041,0
14,22.8,3,0,3,776,1
22,16.7,1,0,1,798,0
16,14.0,1,0,1,2127,0
14,19.3,4,0,1,637,0
19,18.5,1,0,1,1130,0
17,9.4,2,0,3,2736,0
17,47.1,1,0,1,2437,0
1,28.1,1,0,1,111,1
3,22.4,1,0,1,337,0
0,20.9,1,0,1,437,0
3,32.0,1,0,1,455,0
17,40.8,1,0,1,2538,0
4,26.9,1,0,2,714,0
18,21.2,1,0,1,2753,0
14,34.7,2,0,1,755,0
7,21.4,3,0,1,1706,0
19,24.4,1,0,1,773,0
16,30.0,1,0,1,2733,0
0,16.1,3,0,1,100,0
11,-0.8,2,0,2,1091,0
18,15.6,1,0,1,2465,0
14,27.7,1,0,1,751,0
8,27.0,1,0,1,2549,0
6,33.4,1,0,1,964,0
1,16.0,3,0,1,401,1
8,35.8,2,0,1,2174,0
9,21.9,2,0,1,2321,0
1,26.0,1,0,1,125,0
18,29.0,1,0,1,2632,0
10,6.2,3,0,1,752,0
12,10.0,1,0,1,1236,1
9,9.6,1,0,1,2420,0
13,30.7,1,0,1,1044,0
17,16.9,1,0,1,2796,1
18,40.3,1,0,1,2145,0
21,20.0,1,0,1,1005,1
8,5.3,3,0,1,1993,1
6,13.3,2,0,2,842,1
2,21.2,1,0,3,267,1
19,25.2,2,0,1,1062,0
5,10.2,1,0,1,150,0
20,25.7,1,0,1,1011,0
1,28.4,2,0,1,100,1
5,13.6,1,0,1,259,0
2,39.7,1,0,2,485,0
15,14.7,2,0,1,1195,0
7,10.0,3,0,3,2234,0
1,4.7,1,0,1,279,0
16,32.2,1,0,1,2434,1
8,20.2,1,0,2,2647,0
11,15.2,1,0,3,1233,0
2,5.3,1,0,2,316,0
10,16.1,1,0,2,1302,0
0,43.8,2,0,1,442,0
22,-1.4,1,0,1,885,0
12,13.7,1,0,1,910,0
14,37.9,1,0,1,991,0
4,32.5,1,0,3,100,0
20,14.3,4,0,2,689,0
16,22.0,1,0,2,2728,0
22,24.6,3,0,1,1069,0
23,21.3,3,0,1,297,0
5,37.8,3,0,2,330,0
20,23.4,1,0,1,938,0
21,31.4,3,0,1,671,0
10,21.8,1,0,2,1114,0
17,-0.3,1,0,1,2412,0
3,8.1,1,0,3,638,0
2,10.2,1,0,1,381,0
12,17.5,1,0,1,1089,0
22,40.8,1,0,1,788,1
8,23.6,1,0,1,2036,0
20,18.9,2,0,1,1089,0
5,32.4,1,0,1,200,0
11,5.5,1,0,3,1196,0
1,15.1,4,0,2,100,1
2,13.6,1,0,1,193,0
2,24.0,2,0,1,523,0
11,29.0,4,0,1,887,0
14,24.7,1,0,2,799,0
8,24.9,1,0,1,2506,0
22,16.4,3,0,1,1180,1
7,23.2,3,0,1,2028,1
10,11.6,2,0,1,970,0
15,26.7,1,0,1,1179,0
21,15.0,3,0,2,870,1
3,8.8,1,0,3,588,0
0,20.4,1,0,1,451,1
23,0.9,1,0,1,481,0
6,34.7,1,0,1,1298,0
1,28.0,2,0,1,240,0
23,23.4,3,0,1,120,1
4,3.8,2,0,1,100,1
6,13.0,1,0,2,957,0
3,20.4,1,0,1,100,0
4,17.4,2,0,1,373,1
23,3.1,1,0,1,177,1
0,6.8,3,0,1,432,0
0,17.2,3,0,1,395,1
14,7.2,2,0,1,922,0
19,33.7,1,0,1,1195,0
18,24.9,2,0,3,2529,0
9,12.0,3,0,1,1645,0
17,31.7,1,0,1,2302,0
2,29.7,3,0,1,100,0
10,22.9,1,0,1,1002,0
14,19.6,1,0,1,914,0
10,17.0,2,0,2,894,1
16,14.6,2,0,1,2616,1
16,6.6,3,0,1,2157,1
5,35.3,1,0,1,176,0
4,14.8,1,0,1,130,0
7,20.3,2,0,1,2752,0
1,10.9,1,0,2,845,0
15,17.4,1,0,1,811,1
19,48.5,1,0,2,1178,0
23,12.7,1,0,1,272,1
11,34.5,2,0,1,1135,0
5,19.7,2,0,1,109,0
0,26.8,1,0,1,100,0
3,32.4,1,0,1,100,0
16,22.7,1,0,2,2387,0
12,16.5,1,0,1,953,0
17,18.1,1,0,1,2689,0
4,18.5,1,0,2,133,1
23,38.6,2,0,1,172,0
23,5.2,2,0,2,716,0
2,2.3,1,0,1,310,0
10,3.0,2,0,1,1057,0
12,11.1,3,0,1,949,0
3,27.0,1,0,1,195,1
13,27.6,1,0,2,996,0
21,13.9,1,0,2,935,0
10,19.7,1,0,1,983,0
9,8.8,2,0,1,2668,0
18,9.8,3,0,1,2134,0
17,25.8,1,0,1,2043,1
5,30.5,2,0,1,499,0
14,15.2,2,0,1,930,0
20,36.4,1,0,2,1078,0
9,29.7,1,0,1,2418,0
4,35.9,3,0,3,229,0
4,17.0,3,0,1,503,0
9,35.2,2,0,3,2567,0
4,41.8,3,0,1,492,0
2,15.9,1,0,1,289,0
22,18.5,1,0,2,969,0
5,10.5,1,0,2,302,0
3,8.6,1,0,2,100,0
17,8.7,3,0,1,1461,0
8,11.9,4,0,3,1843,1
16,22.7,3,0,1,2205,0
12,12.3,1,0,1,1284,0
14,22.4,1,0,1,599,0
19,22.6,1,0,2,1257,0
16,15.3,1,0,1,2381,0
12,19.4,2,0,1,714,0
15,14.7,1,0,1,1211,0
21,16.9,3,0,1,698,1
3,11.9,3,0,1,763,0
4,20.8,1,0,1,165,0
4,14.0,1,0,1,244,0
8,8.3,2,0,1,2304,0
16,25.9,1,0,3,2529,0
12,26.3,2,0,1,1159,0
1,31.1,1,0,1,100,1
12,9.8,1,0,1,1131,0
21,15.2,1,0,1,918,0
20,22.3,1,0,1,827,1
22,15.0,3,0,3,519,0
18,25.7,1,0,1,2695,0
2,25.0,3,0,1,297,0
9,24.8,2,0,1,2383,1
1,34.6,2,0,2,455,0
12,26.4,1,0,2,1105,0
18,21.5,2,0,1,2673,0
16,18.1,1,0,1,2828,0
20,18.8,1,0,1,1043,0
13,9.4,2,0,1,1386,0
11,2.3,1,0,1,1285,0
20,24.6,3,0,1,956,0
11,32.2,1,0,1,661,0
10,16.7,3,0,3,821,1
6,35.9,1,0,1,1049,0
3,18.2,3,0,2,283,0
18,0.5,3,0,1,1978,0
0,29.2,1,0,1,429,0
23,15.2,1,0,1,455,0
2,30.1,2,0,1,100,0
12,7.2,1,0,1,1270,0
14,24.1,1,0,1,704,0
1,12.0,1,0,1,218,0
10,22.0,3,0,1,622,0
3,27.7,3,0,2,100,0
18,25.3,2,0,1,2717,0
16,20.7,2,0,1,2524,0
2,6.2,2,0,1,436,1
17,27.3,1,0,3,2626,0
7,30.3,1,0,1,2116,0
21,9.6,1,0,1,888,0
23,11.0,3,0,1,389,0
18,30.7,2,0,1,2631,0
4,17.9,1,0,1,100,0
6,11.3,2,0,1,1206,0
20,22.7,1,0,1,1123,1
7,13.6,2,0,1,2307,1
4,21.6,1,0,1,381,0
16,15.9,1,0,1,2454,0
4,16.7,2,0,1,398,0
3,31.1,2,0,1,100,0
21,-4.7,1,0,2,929,0
18,25.5,1,0,1,2736,0
20,29.5,2,0,1,1107,1
1,13.8,2,0,1,458,0
10,29.4,3,0,1,753,0
21,10.4,1,0,1,1112,0
12,13.4,4,0,2,767,0
14,12.2,2,0,1,815,0
11,29.5,2,0,1,949,0
21,2.6,2,0,2,1290,1
20,36.4,1,0,1,1226,0
21,17.0,1,0,2,801,0
10,26.1,2,0,1,916,0
6,25.3,1,0,1,815,0
4,21.5,2,0,1,335,0
16,14.0,1,0,1,2699,1
23,32.4,1,0,2,706,0
19,14.9,1,0,2,714,0
8,12.7,2,0,1,2671,0
13,28.8,1,0,2,998,0
11,21.5,2,0,1,926,0
5,33.6,1,0,3,112,0
16,19.4,2,0,3,2855,0
18,13.5,1,0,1,2174,0
18,22.7,1,0,1,2402,0
15,15.5,2,0,2,1073,0
11,13.8,1,0,1,1090,0
11,28.3,1,0,2,1249,0
19,38.3,3,0,1,623,0
5,17.5,1,0,1,424,0
22,10.3,1,0,1,987,0
3,18.5,1,0,1,308,0
5,25.1,1,0,1,208,0
10,22.6,1,0,1,1032,0
0,31.9,1,0,1,271,0
23,26.7,2,0,2,228,0
22,9.0,1,0,1,894,0
14,15.1,2,0,2,1074,0
10,6.2,1,0,1,733,0
18,31.4,1,0,1,2461,0
17,0.1,1,0,3,2346,0
16,7.2,2,0,1,2475,0
18,14.9,2,0,3,2477,0
20,25.6,3,0,1,973,0
13,14.8,1,0,1,1131,1
17,16.3,2,0,2,2558,0
18,16.5,2,0,1,2534,0
14,21.7,1,0,1,961,0
14,7.8,1,0,1,958,0
3,10.5,1,0,2,100,1
6,36.8,2,0,2,1146,1
12,24.0,1,0,1,1053,1
2,27.6,2,0,3,540,0
15,20.6,1,0,2,889,0
8,18.6,1,0,3,2752,1
7,24.6,1,0,1,2461,1
19,27.3,1,0,1,885,1
12,28.5,1,0,2,1309,1
16,18.7,1,0,1,2572,0
16,29.6,2,0,3,2834,0
16,-4.7,1,0,1,2534,0
0,28.9,1,0,1,461,0
7,15.7,1,0,3,2705,0
18,25.5,1,0,3,2443,0
5,13.5,1,0,1,369,0
2,6.7,1,0,1,330,0
4,23.4,1,0,2,466,1
12,5.0,1,0,3,786,0
14,16.0,4,0,1,920,0
13,11.9,1,0,1,1184,0
22,18.2,1,0,2,863,0
15,28.0,1,0,1,823,0
17,15.1,1,0,3,2168,0
21,23.1,3,0,1,1215,0
21,27.4,1,0,1,853,0
10,13.9,1,0,1,1283,0
2,14.1,2,0,1,258,0
21,33.7,1,0,2,1219,0
9,19.2,4,0,3,2116,1
9,25.1,3,0,1,2420,0
20,25.0,1,0,2,1289,0
15,8.0,1,0,1,1042,0
11,12.4,1,0,2,1061,0
1,23.8,1,0,1,435,0
8,-0.7,1,0,1,3036,1
23,17.9,1,0,1,313,0
2,11.3,3,0,1,100,1
23,31.1,1,0,3,348,1
14,23.5,2,0,1,871,0
2,31.9,2,0,1,342,0
18,19.6,3,0,1,2230,0
17,18.9,1,0,1,2600,0
7,17.0,1,0,1,2381,0
16,15.0,2,0,1,2459,0
7,46.8,3,0,1,1786,1
6,28.1,3,0,3,1055,0
6,9.3,2,0,1,1164,0
2,46.4,1,0,1,100,0
0,16.0,1,0,2,804,1
3,23.2,1,0,2,256,0
4,29.4,2,0,2,359,0
0,4.6,1,0,1,232,0
14,11.7,2,0,1,1084,0
4,36.5,3,0,3,258,1
12,17.8,2,0,1,720,0
7,30.0,1,0,1,2734,0
7,15.5,1,0,1,2334,0
4,19.0,3,0,1,423,1
8,37.9,1,0,2,2453,0
0,24.4,1,0,1,312,0
3,16.6,1,0,2,396,0
2,13.2,1,0,1,327,0
1,14.1,1,0,3,448,0
7,32.4,3,0,1,1858,0
22,27.7,4,0,1,1007,0
8,8.5,4,0,1,1793,0
1,20.9,1,0,2,117,0
13,19.3,3,0,2,915,0
13,23.2,4,0,1,1009,1
3,14.0,3,0,1,296,0
5,31.0,2,0,2,598,0
10,20.0,2,0,2,833,0
2,23.7,1,0,1,100,0
7,12.2,3,0,2,2167,0
2,12.7,1,0,1,324,0
13,46.6,1,0,1,1161,0
12,38.0,4,0,1,594,0
12,19.3,1,0,3,911,0
1,35.3,1,0,1,648,1
12,32.1,4,0,1,759,1
18,13.7,4,0,3,2285,1
5,12.8,1,0,1,455,0
15,26.7,3,0,2,742,1
1,22.6,1,0,2,582,0
7,16.0,1,0,3,2565,1
16,27.2,1,0,1,2502,0
22,5.6,1,0,1,984,0
1,21.2,1,0,3,387,1
9,7.6,1,0,1,2274,0
15,7.9,3,0,1,979,1
5,12.9,2,0,2,388,0
1,23.6,3,0,1,125,1
1,13.2,2,0,3,100,0
12,7.8,1,0,1,949,0
23,24.8,3,0,1,290,0
14,34.9,3,0,1,831,0
1,26.4,1,0,1,329,0
6,38.0,1,0,1,1134,0
2,34.1,2,0,2,100,0
7,15.1,2,0,1,2486,0
22,26.3,3,0,1,859,0
13,19.1,1,0,3,1092,0
23,30.6,1,0,1,479,0
22,19.1,1,0,1,959,0
21,12.1,2,0,3,1010,1
6,33.7,1,0,1,851,0
20,23.2,1,0,3,1077,0
6,13.4,1,0,2,825,0
0,15.0,2,0,2,414,0
16,13.3,1,0,2,2736,0
8,10.0,1,0,1,2593,0
20,15.2,3,0,2,1056,0
12,23.7,4,0,2,709,1
20,20.6,1,0,1,760,0
18,15.6,1,0,1,2467,1
20,35.0,3,0,2,677,0
18,-0.1,1,0,1,2401,0
21,23.1,2,0,2,555,0
16,18.6,2,0,1,2535,0
22,10.3,1,0,1,1004,0
22,23.6,2,0,1,1168,0
9,17.8,2,0,1,2610,0
9,32.5,1,0,1,2464,0
3,28.7,1,0,1,482,0
7,39.1,4,0,1,2177,0
21,15.2,1,0,2,902,0
19,34.0,2,0,1,1039,0
19,8.3,3,0,2,1102,0
17,18.9,1,0,1,2565,0
13,15.3,2,0,1,835,0
17,26.0,4,0,1,1775,0
13,25.8,1,0,1,705,0
19,11.0,1,0,1,590,0
20,26.6,3,0,1,703,0
23,16.2,1,0,1,265,0
14,11.8,1,0,1,804,0
21,19.9,3,0,1,663,0
3,5.2,3,0,3,100,1
12,29.3,4,0,1,484,0
22,19.4,1,0,2,966,0
7,19.7,1,0,1,2633,0
17,19.1,1,0,1,2398,0
11,36.5,2,0,1,1227,0
22,35.2,2,0,1,1030,0
13,33.5,1,0,2,1178,0
1,19.1,1,0,1,306,0
17,8.8,2,0,1,2634,0
23,19.8,1,0,1,100,0
1,23.1,1,0,1,468,0
10,28.1,3,0,2,801,1
8,23.1,1,0,1,2719,0
11,9.7,2,0,1,949,0
16,14.6,3,0,1,2348,1
14,13.7,1,0,1,1106,0
16,25.4,1,0,1,2318,0
17,25.6,1,0,1,2725,0
21,26.9,3,0,1,588,0
5,23.0,1,0,2,100,0
16,-0.6,2,0,1,2757,0
22,2.7,4,0,1,867,0
23,18.6,4,0,1,254,0
17,21.0,1,0,1,2399,0
7,32.5,3,0,2,2166,1
8,20.8,4,0,1,1945,1
5,10.2,1,0,3,340,0
4,26.6,1,0,1,100,0
11,19.8,1,0,1,988,0
10,16.0,1,0,1,1035,0
0,3.9,3,0,1,346,1
10,20.9,1,0,1,1067,0
18,22.3,3,0,1,1933,0
8,10.0,2,0,1,2556,0
1,27.4,2,0,2,496,0
11,26.5,2,0,2,703,0
3,20.5,1,0,1,266,0
3,20.1,3,0,1,281,0
17,29.5,1,0,1,2315,1
14,23.7,1,0,2,1185,0
18,13.0,1,0,1,2619,0
12,18.0,3,0,1,999,0
18,25.6,3,0,1,2431,1
16,-0.3,1,0,1,2566,0
5,10.7,1,0,2,243,0
15,26.8,2,0,2,1187,1
23,32.1,1,0,1,182,0
11,30.2,1,0,1,1092,0
18,28.9,2,0,1,2707,0
4,21.3,1,0,1,466,1
16,9.7,1,0,1,2781,0
22,18.0,1,0,1,945,0
0,0.1,1,0,2,441,0
23,33.0,1,0,3,318,0
22,11.8,1,0,1,1050,1
9,14.7,1,0,1,2550,0
14,30.6,1,0,1,1107,0
22,3.9,2,0,2,993,0
20,8.1,4,0,2,515,0
20,22.7,1,0,1,1030,0
10,25.2,3,0,2,872,0
12,19.3,1,0,2,991,1
4,19.6,1,0,1,387,1
0,32.7,1,0,1,275,0
23,26.4,1,0,1,245,0
11,25.0,2,0,1,1278,0
10,27.8,1,0,1,1451,0
16,17.0,1,0,1,2675,0
3,41.7,3,0,1,125,0
14,-3.1,1,0,2,1045,0
8,34.6,1,0,1,2530,0
20,29.0,1,0,1,1134,0
19,22.5,1,0,1,1037,0
18,20.8,1,0,1,2623,0
18,18.4,1,0,1,2857,0
11,31.0,1,0,1,631,0
4,19.6,1,0,1,198,0
9,12.7,2,0,2,2691,0
16,29.0,2,0,2,2491,0
4,35.8,4,0,2,358,1
21,0.7,3,0,1,762,0
15,43.6,3,0,1,1112,0
6,9.6,2,0,1,1232,0
8,10.4,2,0,2,2559,0
2,7.6,1,0,1,634,0
14,20.0,2,0,2,1061,0
15,7.2,1,0,1,1013,0
17,8.4,3,0,2,2294,0
13,13.1,1,0,2,720,0
2,21.4,2,0,1,333,0
11,22.3,1,0,3,1070,0
8,32.4,1,0,1,2455,0
6,32.2,1,0,3,850,0
8,30.2,1,0,2,2485,0
12,17.4,1,0,3,697,0
17,1.6,1,0,1,2810,0
4,1.4,1,0,1,620,0
12,30.2,1,0,2,1014,1
3,28.4,3,0,3,177,0
1,13.8,1,0,1,100,0
15,5.6,1,0,1,869,0
8,9.5,4,0,1,2296,1
8,21.7,1,0,2,2501,0
5,21.8,1,0,2,197,1
10,30.4,1,0,1,1009,0
21,15.5,3,0,1,692,0
23,17.6,1,0,1,100,0
21,31.3,1,0,1,938,0
0,-1.3,2,0,2,100,0
3,23.2,1,0,1,385,0
12,16.7,3,0,1,985,0
22,27.1,1,0,2,857,0
12,25.1,1,0,1,1038,0
12,13.0,2,0,1,996,0
1,14.9,1,0,2,152,0
8,-3.0,3,0,1,1544,0
23,27.5,4,0,2,100,1
7,22.4,1,0,1,2344,0
6,34.0,3,0,2,828,0
3,16.0,1,0,1,348,0
17,29.1,3,0,1,2248,0
2,9.3,1,0,1,100,1
5,-7.0,1,0,3,136,0
11,19.1,1,0,3,871,0
11,14.3,1,0,1,961,0
20,9.5,1,0,1,1043,0
7,29.0,3,0,1,2086,0
21,32.1,3,0,1,423,1
21,21.1,1,0,2,1238,0
0,18.2,1,0,1,393,0
3,20.6,3,0,2,416,1
20,13.5,1,0,2,522,0
10,25.6,1,0,1,1166,0
2,4.6,1,0,2,100,0
12,9.3,1,0,1,909,0
16,12.1,1,0,1,2786,0
21,25.4,2,0,2,1131,0
21,17.0,2,0,1,864,1
9,33.6,1,0,1,2659,0
20,28.0,3,0,3,872,0
11,12.0,1,0,1,918,0
14,26.3,1,0,1,1095,0
20,15.9,1,0,2,924,0
9,24.7,1,0,1,2577,0
13,28.5,1,0,3,1074,0
12,31.1,1,0,1,1100,1
4,22.0,1,0,1,684,1
5,36.0,1,0,2,489,0
23,24.4,2,0,1,499,0
1,21.4,2,0,2,194,0
21,17.0,1,0,3,696,0
16,13.7,2,0,2,2462,1
3,24.2,3,0,1,142,1
13,21.0,2,0,1,1119,1
9,22.6,1,0,3,2460,1
2,24.8,1,0,1,565,0
2,22.6,3,0,1,100,0
14,40.1,1,0,1,944,1
5,14.7,1,0,1,374,0
16,24.3,1,0,1,2304,0
11,17.7,2,0,3,1181,1
21,-4.6,2,0,1,1174,0
19,18.1,1,0,1,913,0
23,10.6,1,0,2,829,0
10,19.3,4,0,1,576,0
3,19.7,1,0,2,100,0
5,23.9,1,0,1,205,0
0,14.7,1,0,3,338,0
19,15.9,3,0,1,477,0
22,27.0,2,0,2,1123,1
15,11.9,3,0,1,1292,0
14,1.6,1,0,1,721,1
16,21.6,1,0,1,2539,0
7,30.7,1,0,3,2691,0
11,26.9,3,0,1,953,0
21,21.8,1,0,2,1431,0
20,32.5,1,0,1,906,0
9,30.8,2,0,1,2897,0
14,16.7,1,0,1,987,0
8,22.5,1,0,2,2397,0
1,22.9,3,0,2,615,0
4,19.1,1,0,3,226,0
5,31.3,1,0,3,514,0
6,18.5,1,0,1,901,0
20,15.0,1,0,2,745,1
0,-5.9,1,0,1,100,0
22,12.0,2,0,2,1141,0
6,6.8,1,0,1,787,0
19,19.6,3,0,2,757,0
11,7.5,1,0,1,870,0
15,26.1,1,0,1,824,0
15,31.1,1,0,1,848,0
10,19.7,2,0,1,1041,1
20,10.2,1,0,1,404,1
3,22.9,3,0,2,408,1
12,38.9,2,0,2,741,1
6,35.8,3,0,1,566,1
3,5.9,2,0,1,100,0
14,5.6,1,0,1,1053,0
18,3.0,3,0,2,2292,0
8,8.6,3,0,1,1972,0
10,22.5,4,0,1,887,0
7,14.4,1,0,1,2607,0
0,11.6,2,0,1,448,0
22,30.4,1,0,1,799,0
23,25.3,1,0,1,618,0
7,3.0,2,0,1,2433,0
12,29.8,4,0,1,856,1
21,25.1,1,0,1,970,0
3,25.3,3,0,1,150,1
7,14.3,1,0,1,2687,0
2,18.1,1,0,1,427,0
8,0.3,1,0,1,2062,1
1,28.7,1,0,2,383,0
1,10.0,3,0,1,659,0
12,11.3,1,0,2,1037,1
14,11.2,1,0,1,897,0
22,38.0,1,0,1,923,0
11,13.3,1,0,1,887,0
3,29.4,3,0,1,100,0
7,19.8,1,0,1,2463,0
8,11.7,1,0,2,2462,0
22,9.9,3,0,2,920,1
4,13.7,1,0,1,195,1
23,19.3,3,0,1,642,0
19,26.0,1,0,1,812,0
17,15.3,1,0,1,2529,0
10,14.9,4,0,3,650,1
14,11.2,3,0,1,692,0
21,8.1,1,0,3,944,0
8,7.2,2,0,1,2540,0
16,29.9,3,0,1,2160,0
11,14.7,1,0,1,906,0
6,15.6,1,0,1,700,0
9,13.3,1,0,1,2773,0
9,16.8,1,0,1,2304,0
12,23.7,1,0,1,950,0
18,15.1,3,0,1,2011,0
10,21.8,1,0,1,979,0
12,34.2,3,0,1,517,0
20,11.8,1,0,2,1172,0
7,15.6,1,0,2,1936,1
7,26.4,2,0,1,2695,0
3,35.0,1,0,1,531,0
14,7.6,1,0,1,1180,0
10,3.0,1,0,2,939,0
10,20.0,2,0,1,1025,0
0,19.0,1,0,1,166,0
16,27.0,1,0,1,2513,0
14,25.5,4,0,2,925,0
19,19.7,4,0,1,580,1
5,30.5,1,0,1,273,0
23,13.2,1,0,1,204,0
21,22.1,2,0,1,1234,0
14,7.8,3,0,2,611,0
8,19.6,1,0,1,2625,0
13,5.4,1,0,3,989,1
17,8.8,3,0,1,1975,1
16,37.1,3,0,1,2131,0
17,1.8,2,0,2,2423,0
4,17.8,1,0,1,320,0
19,28.3,1,0,1,1222,0
19,42.2,2,0,1,844,0
8,21.8,1,0,2,2554,0
10,22.3,1,0,1,1176,0
23,20.4,1,0,2,393,0
21,30.6,1,0,1,1256,0
0,24.3,1,0,3,276,0
17,14.2,3,0,1,2134,0
5,31.2,2,0,1,520,0
1,15.4,3,0,1,100,0
14,4.0,3,0,3,718,0
20,4.0,1,0,2,1075,0
13,18.0,1,0,1,1184,0
4,21.0,1,0,1,348,0
5,29.6,1,0,1,579,0
5,26.4,3,0,1,133,0
21,20.8,1,0,1,753,0
17,30.1,1,0,1,2658,0
13,20.1,1,0,1,977,0
9,7.1,1,0,1,2332,0
13,4.9,2,0,2,1341,0
12,32.8,1,0,1,1149,0
2,-2.5,1,0,1,430,0
5,18.0,1,0,1,618,0
7,49.8,3,0,1,1922,0
11,24.6,1,0,1,1282,0
12,17.9,1,0,1,1083,0
10,3.2,1,0,1,882,0
11,36.2,1,0,1,998,0
0,32.1,1,0,3,337,0
16,26.8,2,0,1,2722,1
15,20.0,2,0,1,729,1
10,25.7,2,0,2,650,0
12,18.5,1,0,1,842,0
17,10.3,1,0,1,2486,0
10,29.6,1,0,1,1142,0
11,19.5,1,0,1,908,0
5,25.2,1,0,1,383,0
8,18.8,1,0,1,2820,0
15,24.6,2,0,2,660,0
3,19.9,2,0,1,272,0
2,19.1,3,0,1,723,0
15,20.3,2,0,1,857,0
23,49.6,1,0,1,136,0
11,28.0,1,0,1,1104,0
10,45.9,1,0,2,894,1
4,19.9,1,0,2,515,1
17,16.9,1,0,1,2995,0
18,9.3,1,0,1,2514,0
22,36.0,1,0,2,1547,0
22,10.9,2,0,1,909,0
5,38.1,2,0,1,266,0
21,9.8,1,0,1,808,0
17,28.9,1,0,3,2409,0
5,4.1,1,0,1,252,0
3,15.6,2,0,2,382,0
11,20.2,1,0,1,750,0
18,14.0,2,0,1,2396,1
1,18.3,1,0,1,201,0
16,18.4,1,0,1,2678,1
10,28.1,1,0,2,1023,0
10,-0.9,1,0,1,1023,1
20,14.4,1,0,1,1016,0
15,32.5,2,0,1,651,0
1,25.6,1,0,1,621,0
1,32.7,1,0,1,115,0
22,27.6,3,0,1,978,1
7,9.2,1,0,1,2454,0
12,26.6,1,0,3,877,0
9,21.0,1,0,1,2708,0
7,42.7,2,0,2,2261,1
3,28.0,2,0,1,100,0
14,25.2,1,0,1,1031,0
0,26.7,4,0,1,277,0
10,24.7,2,0,2,1163,0
6,24.4,1,0,1,1143,0
16,17.3,2,0,2,2486,0
19,25.4,1,0,1,1020,0
23,29.5,2,0,1,270,0
17,30.6,1,0,1,2783,0
21,29.4,2,0,1,803,0
21,35.1,1,0,1,1006,0
11,31.2,3,0,2,953,0
8,26.3,1,0,2,2721,0
4,8.6,2,0,2,166,0
9,8.6,1,0,2,2305,0
3,17.5,3,0,3,100,0
4,20.5,2,0,3,231,0
9,34.0,1,0,1,2550,0
10,-7.8,3,0,1,705,0
20,9.7,1,0,1,1139,0
23,18.1,2,0,1,286,0
9,10.0,2,0,3,2621,0
7,12.0,1,0,1,2529,0
1,15.0,4,0,1,100,0
22,10.5,1,0,1,770,0
7,12.3,1,0,1,2731,1
15,33.6,3,0,1,612,0
21,26.1,2,0,1,1170,0
4,27.6,1,0,1,325,0
2,19.7,1,0,1,103,0
11,30.1,2,0,1,1149,0
12,28.5,1,0,1,904,0
12,26.0,3,0,1,830,0
9,13.5,2,0,1,2458,0
3,15.6,1,0,1,100,0
8,30.6,1,0,2,2634,1
21,14.8,1,0,1,1153,0
23,7.1,1,0,2,201,0
22,14.6,2,0,2,1128,0
1,35.6,4,0,2,100,0
18,14.6,1,0,1,2329,0
0,23.3,1,0,1,347,1
6,13.8,1,0,1,860,0
16,27.6,2,0,1,2474,0
2,25.4,2,0,3,112,0
19,5.1,2,0,1,743,0
19,22.7,1,0,3,1041,0
20,3.2,3,0,2,843,1
2,14.5,1,0,1,303,1
2,19.9,2,0,1,241,0
16,38.5,2,0,1,2359,1
6,23.2,2,0,1,783,0
13,12.3,1,0,1,775,0
16,16.8,2,0,3,2379,1
17,29.2,1,0,1,2704,0
12,12.5,2,0,1,1046,0
19,31.0,1,0,1,1072,0
19,14.8,1,0,1,748,1
20,10.8,1,0,1,1037,0
17,15.1,3,0,1,2067,0
3,3.8,1,0,1,617,1
0,-1.7,2,0,1,296,1
17,19.2,2,0,1,2421,0
0,19.3,3,0,1,100,0
12,22.6,1,0,3,1011,1
19,19.1,2,0,1,961,0
19,43.3,1,0,1,1224,0
22,21.7,1,0,1,1180,0
9,6.2,1,0,1,2300,1
10,8.8,1,0,3,995,0
8,20.0,1,0,2,2989,0
8,15.6,1,0,1,2206,0
4,7.7,1,0,2,262,0
0,19.4,1,0,2,450,0
16,19.6,1,0,1,2452,0
21,36.0,1,0,2,935,0
1,10.8,3,0,1,146,0
23,15.8,1,0,1,100,0
12,35.9,1,0,2,966,0
8,23.3,1,0,1,2705,0
3,10.8,1,0,2,100,0
4,12.9,1,0,1,353,0
10,7.9,1,0,2,1215,0
23,20.8,4,0,1,235,0
18,30.3,2,0,1,2415,0
20,36.3,2,0,1,1134,0
2,5.1,4,0,2,100,1
11,28.7,3,0,1,884,0
18,21.6,2,0,1,2466,0
18,17.4,2,0,1,2512,0
12,15.8,1,0,1,1335,0
6,0.8,1,0,3,1231,0
14,26.4,1,0,1,1296,0
22,6.8,1,0,1,836,0
6,12.5,4,0,1,595,0
7,24.2,1,0,1,2593,0
4,1.8,2,0,1,364,1
20,6.8,1,0,2,604,0
13,32.2,1,0,3,1067,0
3,21.2,1,0,1,709,0
22,13.4,1,0,1,1379,0
9,21.3,1,0,3,2360,0
19,26.7,1,0,1,1142,0
14,31.2,1,0,1,822,0
17,8.9,1,0,1,2480,0
19,9.8,2,0,1,835,1
12,26.1,1,0,1,766,0
7,26.4,1,0,3,2676,0
8,6.6,1,0,1,2557,0
15,10.1,1,0,2,1088,0
18,18.1,1,0,1,2626,0
15,20.2,1,0,1,1039,1
6,20.5,1,0,1,792,0
13,6.4,3,0,2,842,0
13,20.4,1,0,1,956,0
3,12.8,1,0,1,261,0
14,8.3,1,0,3,811,0
2,19.9,1,0,2,100,1
4,18.9,1,0,3,186,1
0,28.0,3,0,1,349,1
2,11.4,3,0,2,226,0
14,22.4,1,0,1,1356,0
23,4.3,3,0,3,226,1
7,17.3,1,0,3,2538,1
3,24.6,2,0,3,303,1
1,25.5,2,0,3,100,1
23,25.5,2,0,1,295,0
23,28.0,1,0,2,100,0
9,15.5,1,0,1,2486,0
3,25.0,1,0,2,100,0
2,38.7,1,0,3,286,0
1,15.3,1,0,1,329,0
16,33.8,1,0,1,2544,0
22,28.8,1,0,2,713,0
20,17.3,2,0,1,1096,0
23,18.2,1,0,1,431,0
19,21.2,3,0,1,608,0
22,28.2,1,0,1,1197,0
12,24.0,3,0,1,837,0
4,15.3,1,0,1,287,0
20,-0.8,1,0,1,1113,0
8,26.7,3,0,3,2324,0
21,0.7,1,0,1,971,0
5,6.3,1,0,1,201,0
4,16.0,1,0,1,716,0
9,7.9,1,0,1,2465,0
7,23.2,1,0,1,2573,0
6,17.0,1,0,2,965,0
6,27.9,3,0,1,478,1
5,3.9,2,0,1,238,0
20,13.4,1,0,3,1222,0
19,20.0,3,0,1,638,1
2,20.4,1,0,1,563,0
18,26.9,1,0,3,2652,0
21,10.9,1,0,1,799,0
14,15.3,2,0,2,759,1
3,25.1,1,0,1,100,0
11,-2.0,2,0,1,918,1
5,23.8,1,0,3,100,0
18,27.6,4,0,1,2243,0
3,6.7,2,0,1,100,0
14,16.8,1,0,3,821,0
8,34.9,2,0,1,2803,1
4,26.6,1,0,2,247,1
12,24.5,1,0,2,1084,0
22,29.9,1,0,1,1092,1
17,38.0,1,0,1,2209,0
4,20.2,3,0,1,400,1
15,15.9,1,0,2,1122,0
18,29.9,1,0,1,2630,0
13,18.1,1,0,1,864,0
15,10.7,1,0,1,1057,0
14,14.6,1,0,1,965,1
21,23.1,2,0,1,1018,0
3,15.5,4,0,3,100,1
6,16.3,1,0,1,961,0
15,9.7,1,0,1,1195,0
23,34.4,1,0,2,100,0
21,16.6,3,0,1,726,0
20,12.9,1,0,3,1127,0
21,13.9,1,0,1,782,0
20,28.0,2,0,1,1080,0
7,25.7,1,0,3,2593,0
16,15.0,1,0,1,2469,0
15,20.3,2,0,1,1060,0
22,22.8,1,0,1,1325,0
9,13.0,1,0,3,2365,0
9,4.6,1,0,2,2222,1
1,25.2,1,0,1,215,0
8,13.5,1,0,2,2301,0
16,24.4,3,0,1,2077,0
10,23.2,1,0,1,908,1
9,20.6,2,0,2,2622,0
21,15.7,1,0,2,1058,0
16,13.7,1,0,1,2362,0
3,8.6,1,0,1,115,0
15,13.9,1,0,1,721,0
19,25.7,1,0,2,1210,0
14,34.0,1,0,2,1104,0
20,32.5,1,0,1,917,0
4,21.5,1,0,2,421,0
5,34.0,4,0,2,100,0
16,16.9,1,0,2,2325,0
0,7.1,1,0,1,105,0
18,39.2,1,0,1,2555,0
3,25.3,1,0,1,179,0
16,4.7,2,0,1,2209,0
8,35.6,1,0,2,2518,0
23,12.6,1,0,3,414,0
1,14.7,1,0,1,272,0
7,30.2,2,0,3,2727,1
14,33.6,1,0,1,1160,0
6,10.0,1,0,1,1223,0
5,34.7,1,0,1,456,0
0,28.7,1,0,1,347,1
14,12.0,1,0,1,751,0
22,17.5,3,0,1,730,0
6,35.2,2,0,3,897,0
16,4.4,1,0,1,2322,0
1,33.8,1,0,1,185,0
8,28.5,1,0,1,2207,0
8,25.1,1,0,3,2676,1
12,21.3,1,0,1,788,1
5,39.7,1,0,3,462,1
5,41.2,4,0,1,505,0
19,13.8,1,0,1,846,0
19,26.1,3,0,2,689,0
20,38.7,1,0,1,1099,0
2,12.1,1,0,1,212,0
16,22.4,1,0,1,2340,0
16,30.0,2,0,1,2588,1
11,-0.1,1,0,2,851,0
15,28.3,3,0,1,1227,0
14,9.1,3,0,1,912,0
12,21.9,2,0,1,1133,0
22,31.4,2,0,1,982,0
0,-3.9,2,0,1,672,0
16,27.9,2,0,1,2351,0
2,40.4,1,0,1,452,0
14,14.7,2,0,1,732,0
3,25.8,3,0,1,698,1
3,33.4,1,0,1,463,0
17,4.1,3,0,1,1812,0
16,27.6,1,0,2,2605,0
18,30.2,1,0,1,2712,0
10,26.4,1,0,3,821,0
19,20.9,1,0,1,907,0
2,10.0,3,0,2,100,0
7,33.9,3,0,1,2095,0
13,20.3,2,0,1,1036,0
0,11.0,4,0,2,246,0
13,16.8,1,0,2,838,0
1,23.7,1,0,1,258,0
22,4.4,1,0,1,856,1
3,20.2,3,0,1,336,0
23,15.8,1,0,1,100,0
18,33.4,4,0,1,1840,0
5,1.3,2,0,2,463,0
0,29.4,4,0,1,152,0
16,34.2,1,0,1,2852,1
7,1.6,1,0,1,2539,0
18,2.8,2,0,2,2137,0
20,37.9,2,0,2,735,1
0,11.0,1,0,1,181,0
4,50.9,3,0,1,388,0
15,1.9,3,0,1,928,0
5,21.7,1,0,1,203,0
7,19.8,1,0,1,2746,0
12,17.9,1,0,2,1065,0
15,24.6,1,0,2,936,1
2,25.2,2,0,1,534,0
18,18.3,1,0,1,2338,0
11,9.9,2,0,1,1111,0
15,30.5,2,0,1,1131,0
10,26.3,1,0,3,1123,0
9,21.1,1,0,1,2468,0
19,26.0,1,0,1,1174,1
3,27.7,1,0,2,668,0
11,12.4,1,0,1,968,0
22,25.6,4,0,2,813,0
1,14.5,1,0,2,485,1
23,28.0,1,0,2,246,0
21,18.1,1,0,1,941,0
18,26.1,1,0,1,2267,0
4,15.7,1,0,1,100,0
7,26.6,2,0,1,2273,0
6,10.2,1,0,2,1172,0
13,20.4,4,0,1,594,0
23,29.8,1,0,1,397,0
22,24.7,3,0,1,1097,0
2,21.9,3,0,2,271,0
17,38.0,1,0,1,2323,0
15,30.2,1,0,1,973,0
22,28.6,1,0,1,1075,0
18,26.6,2,0,2,2576,0
18,27.8,3,0,1,2023,0
17,36.6,1,0,1,2626,0
19,15.8,1,0,1,1199,0
15,30.1,3,0,1,704,1
7,23.6,4,0,2,2280,1
0,16.2,2,0,2,365,0
16,19.0,3,0,1,1554,0
11,22.2,1,0,1,962,0
20,11.4,2,0,1,965,0
10,28.6,2,0,3,1216,1
4,19.0,2,0,1,183,0
11,20.8,1,0,2,1029,1
16,33.6,1,0,2,2216,0
5,21.3,1,0,2,133,0
0,35.5,1,0,3,459,0
4,14.8,1,0,1,100,0
13,9.0,2,0,3,1193,0
4,17.1,1,0,2,527,0
21,-8.1,1,0,1,1248,0
23,29.1,3,0,2,549,0
0,9.6,3,0,2,395,0
17,13.8,1,0,2,2585,1
15,27.2,1,0,1,1123,0
8,21.2,3,0,1,2014,1
18,15.6,3,0,1,1925,0
21,-0.4,1,0,2,1154,0
4,33.0,1,0,3,389,1
1,27.2,1,0,1,476,0
14,40.6,2,0,1,958,0
6,14.0,1,0,2,975,1
3,5.5,1,0,1,342,0
0,29.9,1,0,1,274,0
12,18.1,3,0,2,1368,0
19,26.3,1,0,1,1386,0
21,36.2,1,0,1,1000,1
6,23.9,4,0,2,773,0
14,21.7,1,0,1,1089,0
22,22.3,1,0,2,914,0
13,3.6,2,0,1,910,0
22,31.1,1,0,1,1008,0
18,31.7,3,0,1,1925,1
21,25.3,1,0,1,1036,1
23,4.8,1,0,1,374,0
19,18.8,3,0,1,163,1
23,34.4,1,0,1,100,0
17,14.3,2,0,1,2330,0
9,31.8,1,0,1,2555,0
8,20.6,1,0,1,2345,0
7,27.1,3,0,1,2462,0
9,15.9,1,0,1,2678,0
16,20.8,1,0,1,2891,0
1,24.4,1,0,1,480,0
5,9.2,1,0,3,100,0
4,22.7,2,0,1,100,0
8,-6.9,3,0,1,1897,1
4,14.0,2,0,2,100,0
17,25.4,2,0,1,2716,0
19,31.2,1,0,1,968,0
8,24.7,1,0,1,2541,1
16,6.1,2,0,1,2775,0
16,30.3,1,0,1,2885,0
11,8.6,1,0,1,945,0
6,26.1,3,0,2,527,0
2,8.9,1,0,1,100,1
9,12.3,1,0,1,2729,0
1,10.4,1,0,1,353,0
2,21.4,2,0,1,121,0
15,18.0,1,0,1,1141,1
1,25.1,1,0,2,100,0
23,19.8,4,0,3,100,0
9,4.8,2,0,2,2098,0
5,22.8,3,0,1,100,0
21,2.4,1,0,3,1231,0
10,11.2,1,0,1,959,0
22,16.4,1,0,1,993,0
6,15.7,1,0,1,1037,0
14,3.5,1,0,2,797,0
5,33.7,1,0,1,204,0
19,36.5,1,0,1,923,0
8,42.5,2,0,2,2313,1
21,31.5,2,0,1,902,0
19,16.0,1,0,1,975,0
11,15.9,1,0,1,950,0
18,15.3,1,0,1,2586,0
19,39.9,1,0,1,902,0
2,18.8,1,0,1,608,0
14,32.7,1,0,1,793,0
1,31.9,3,0,2,133,0
20,21.9,3,0,3,878,0
1,5.5,2,0,3,423,0
21,19.1,3,0,1,558,0
2,21.5,2,0,1,279,0
5,32.8,3,0,1,399,0
14,20.2,1,0,2,679,0
9,7.9,1,0,3,2482,1
8,29.9,2,0,2,2202,0
0,17.7,1,0,1,137,0
15,-5.5,2,0,1,1017,0
5,23.2,3,0,2,196,0
8,25.0,2,0,1,2271,1
3,11.6,1,0,1,544,0
1,18.1,1,0,2,233,0
3,26.6,3,0,1,349,0
0,23.3,4,0,1,540,0
18,4.4,1,0,1,2364,0
9,32.5,3,0,1,2123,1
20,37.1,3,0,1,883,0
14,14.9,1,0,1,722,0
21,0.9,3,0,2,1041,1
18,27.7,1,0,1,2520,0
15,13.3,1,0,1,893,0
20,25.4,1,0,1,676,1
23,42.0,2,0,1,100,0
21,4.5,2,0,1,978,1
3,12.0,1,0,2,100,0
1,18.1,3,0,1,366,1
12,32.9,3,0,1,724,0
0,55.6,2,0,2,100,0
16,22.5,1,0,1,2367,0
12,3.7,1,0,1,787,0
3,16.5,1,0,1,100,0
6,12.3,3,0,1,356,0
16,27.2,1,0,1,2519,0
8,23.8,4,0,1,1809,1
3,9.6,3,0,1,615,1
18,11.7,2,0,3,2698,1
0,16.4,2,0,1,626,1
9,17.6,1,0,1,2643,0
3,19.6,2,0,1,183,1
8,20.5,1,0,1,2564,0
12,32.3,3,0,1,739,1
13,16.0,2,0,1,1068,1
9,14.6,2,0,3,2678,0
5,6.6,2,0,2,419,0
15,17.8,1,0,1,1001,0
5,22.6,1,0,2,313,0
16,2.8,3,0,1,2043,0
9,16.6,1,0,1,2721,0
17,31.6,1,0,3,2402,0
21,26.5,1,0,3,948,1
17,23.7,1,0,1,2398,1
2,26.2,1,0,1,327,0
19,14.3,3,0,1,927,0
20,12.9,2,0,1,1059,0
14,32.7,1,0,2,988,0
14,28.3,3,0,1,1014,0
3,12.5,1,0,1,141,0
8,1.2,1,0,1,2200,0
18,12.7,2,0,1,2564,0
23,25.4,2,0,2,291,0
16,13.4,1,0,2,2466,0
10,23.3,4,0,1,536,1
8,34.2,3,0,1,2039,1
9,19.1,1,0,1,2859,0
17,22.3,1,0,1,2233,0
19,26.8,3,0,1,768,0
12,9.2,1,0,1,1015,0
7,12.3,1,0,1,2411,0
6,27.3,2,0,1,1032,0
16,20.4,1,0,2,2410,0
20,21.2,1,0,1,1030,0
22,20.3,1,0,2,949,0
14,29.8,2,0,1,892,0
19,24.4,1,0,2,984,0
14,24.5,1,0,1,1096,0
0,32.2,1,0,2,100,0
13,36.1,1,0,1,1138,0
4,42.4,3,0,3,100,0
10,14.2,3,0,2,923,1
15,44.7,1,0,1,866,0
1,9.0,2,0,1,442,0
7,39.4,2,0,2,2490,0
10,13.7,3,0,3,614,1
17,19.3,1,0,2,2412,1
2,20.2,1,0,2,538,0
0,11.3,2,0,2,310,1
10,20.9,1,0,1,908,0
15,11.8,1,0,1,1228,0
17,7.7,2,0,1,2671,0
15,19.6,4,0,1,631,1
22,35.9,1,0,1,959,0
9,17.5,2,0,1,2147,0
17,29.4,1,0,1,2674,0
5,11.5,3,0,1,240,0
18,7.2,1,0,1,2634,0
3,24.5,1,0,1,100,0
12,37.6,1,0,1,943,0
23,22.1,1,0,1,333,0
13,28.3,1,0,2,576,0
2,35.0,1,0,1,431,0
9,19.6,2,0,2,2435,0
5,18.5,1,0,1,100,0
0,24.7,2,0,1,197,0
22,26.5,1,0,1,1091,0
23,6.0,2,0,1,117,0
13,23.0,1,0,1,990,0
7,20.0,1,0,1,2413,1
18,12.1,1,0,2,2101,0
13,19.3,1,0,3,1124,0
9,8.3,3,0,3,2161,0
16,4.9,2,0,3,2729,0
8,20.7,1,0,1,2501,0
5,29.0,1,0,1,396,0
10,16.5,1,0,1,677,0
6,10.4,1,0,1,1048,0
16,11.9,2,0,2,2436,0
0,25.5,1,0,2,284,0
21,36.7,1,0,2,776,0
4,27.7,1,0,2,524,0
8,33.0,1,0,1,2169,1
17,9.5,1,0,1,2554,0
23,19.3,1,0,1,116,0
20,30.2,1,0,3,1423,0
1,6.0,1,0,3,439,0
10,13.4,1,0,1,994,0
5,29.4,2,0,1,100,0
7,22.6,1,0,1,2678,1
3,10.3,1,0,1,100,0
17,3.7,1,0,2,2576,0
10,33.4,1,0,1,1102,1
4,-0.5,1,0,1,390,0
14,26.3,3,0,1,967,0
17,14.7,3,0,3,1887,1
1,30.5,1,0,1,409,0
21,9.6,3,0,1,666,1
10,46.1,1,0,1,833,0
12,24.0,1,0,1,793,0
3,25.7,4,0,1,189,1
21,12.3,3,0,2,1022,0
6,18.7,4,0,2,1143,0
10,18.9,1,0,1,945,0
21,38.0,1,0,1,871,0
23,24.0,1,0,2,565,0
3,25.4,2,0,1,386,0
14,25.3,1,0,1,1005,1
0,26.3,3,0,1,100,0
22,6.1,1,0,1,1286,0
2,40.5,1,0,1,318,0
13,11.2,2,0,3,1000,0
5,19.6,2,0,2,408,0
17,35.3,1,0,1,2504,0
0,39.3,4,0,2,534,0
5,28.1,1,0,1,502,0
5,15.0,1,0,1,187,0
20,21.3,3,0,1,817,0
15,21.7,4,0,1,682,0
4,22.0,3,0,2,617,0
16,7.7,3,0,2,1855,0
9,32.6,2,0,2,2476,1
20,21.3,3,0,1,872,0
17,12.8,1,0,1,2601,1
6,15.0,2,0,1,1134,1
2,22.7,2,0,3,460,0
12,6.0,1,0,1,1138,0
14,28.8,1,0,1,913,0
19,22.3,1,0,1,890,0
18,35.7,2,0,1,2507,0
2,20.8,1,0,2,189,0
3,9.1,3,0,2,108,0
4,8.0,1,0,3,215,0
0,16.1,1,0,2,720,1
3,17.2,3,0,1,548,0
11,14.3,1,0,1,952,0
23,21.3,1,0,1,100,0
9,14.1,1,0,3,2381,0
22,22.5,2,0,1,1176,0
20,14.8,4,0,1,486,1
19,26.3,3,0,1,920,0
23,16.9,2,0,1,407,0
12,32.5,1,0,1,1003,0
22,26.5,1,0,1,992,0
13,21.9,1,0,2,819,0
22,17.9,1,0,1,1139,0
4,4.8,1,0,1,361,0
3,34.1,1,0,3,203,0
13,13.2,2,0,1,842,0
9,20.9,1,0,1,2261,0
16,23.4,2,0,1,2574,0
9,18.2,3,0,1,1959,0
6,33.5,2,0,1,962,0
15,7.8,2,0,1,687,0
0,37.3,2,0,3,100,0
16,26.7,1,0,1,2259,0
20,17.5,1,0,1,1153,0
8,17.6,1,0,1,2534,1
5,-2.2,1,0,3,243,0
18,11.5,2,0,2,2721,0
12,16.5,3,0,1,992,0
2,21.8,4,0,1,461,0
6,32.6,1,0,2,951,0
21,40.4,4,0,1,517,0
8,22.7,1,0,1,2841,0
21,22.1,3,0,1,904,0
4,15.1,1,0,1,408,0
9,2.8,1,0,1,2635,0
22,13.9,1,0,1,1552,0
16,17.9,3,0,1,1979,0
11,29.8,1,0,1,1287,0
22,25.2,1,0,1,829,0
15,22.2,3,0,1,963,0
2,14.2,3,0,3,596,0
21,0.2,1,0,1,990,0
8,0.8,2,0,1,2116,0
14,3.4,1,0,1,1113,1
4,17.1,1,0,1,256,0
22,29.9,1,0,1,1168,0
12,29.7,1,0,1,906,0
13,27.9,1,0,1,1477,0
19,14.8,1,0,1,1021,0
14,31.4,1,0,2,1158,0
15,10.7,2,0,2,800,0
22,28.5,2,0,3,764,0
12,3.3,1,0,1,740,0
16,8.2,1,0,1,2241,0
22,36.5,2,0,3,1135,0
7,18.0,2,0,1,2379,0
20,13.2,2,0,2,745,0
1,31.0,1,0,1,160,0
4,32.2,1,0,1,440,0
5,15.7,2,0,1,435,0
11,22.8,1,0,1,1199,0
17,21.4,3,0,1,1943,0
21,-8.3,2,0,1,1399,0
21,6.0,1,0,1,1216,0
0,29.4,1,0,1,100,0
16,11.7,3,0,1,2162,0
10,25.3,1,0,1,1003,1
9,22.6,1,0,1,2466,0
18,32.2,2,0,1,2501,0
13,6.4,2,0,1,866,0
9,23.9,1,0,1,2701,0
14,19.3,1,0,2,884,0
18,12.1,3,0,1,1887,1
3,12.0,4,0,2,392,1
1,22.3,2,0,2,734,0
8,26.3,4,0,1,1900,1
9,20.6,1,0,1,2250,0
10,20.9,1,0,1,1227,0
13,15.0,1,0,1,1039,0
6,15.7,1,0,3,1100,0
22,12.1,1,0,3,1006,0
14,14.8,1,0,1,1118,0
21,25.9,3,0,1,872,0
18,27.1,2,0,2,2395,0
21,7.2,2,0,2,1140,1
14,11.0,1,0,1,1100,1
23,12.9,1,0,1,225,0
7,19.4,1,0,1,2465,0
10,3.2,2,0,1,842,0
8,11.2,1,0,2,2592,0
14,6.1,1,0,3,1094,0
0,24.0,1,0,2,292,0
0,19.7,2,0,1,100,0
18,15.4,3,0,2,1595,0
2,9.4,2,0,1,253,0
9,15.5,1,0,1,2547,0
7,14.4,1,0,1,2628,0
14,36.3,1,0,1,1226,0
9,30.0,1,0,1,2428,0
0,13.1,1,0,1,100,0
17,21.7,1,0,1,2397,0
1,29.4,1,0,2,736,0
18,13.1,1,0,1,2828,0
12,5.8,1,0,1,1085,0
21,2.0,2,0,1,913,0
0,32.7,4,0,2,221,0
1,18.1,3,0,1,582,0
15,22.9,1,0,1,1041,0
14,14.3,1,0,2,923,0
12,7.3,3,0,1,1065,1
15,9.2,1,0,1,610,1
16,6.6,3,0,2,1799,0
20,28.5,1,0,1,839,0
6,34.9,3,0,2,1000,0
23,20.4,3,0,1,127,0
16,4.8,2,0,1,2145,0
6,25.0,2,0,1,861,0
12,32.6,1,0,2,905,0
4,29.7,1,0,1,286,0
16,19.7,1,0,1,2525,0
2,17.7,1,0,1,493,1
6,19.6,1,0,1,937,0
16,32.3,1,0,2,2383,0
6,27.6,3,0,3,809,0
20,16.1,1,0,1,1048,0
0,15.9,1,0,1,179,1
16,15.2,1,0,1,2159,0
16,9.4,1,0,1,2402,1
10,33.5,1,0,3,1161,0
2,12.1,4,0,1,224,1
14,24.9,1,0,1,1248,0
20,13.4,1,0,1,1100,1
10,15.2,1,0,1,894,0
15,18.9,1,0,1,1293,0
21,25.5,3,0,3,626,0
8,17.4,1,0,1,2164,0
23,8.6,1,0,1,368,1
23,20.2,1,0,1,143,0
0,12.3,4,0,3,228,0
21,35.4,1,0,1,785,0
15,17.4,3,0,1,800,0
8,13.3,1,0,1,2596,0
18,39.7,1,0,1,2626,0
11,27.4,2,0,2,772,0
18,11.0,1,0,1,2229,0
21,12.1,1,0,1,1079,0
8,24.7,1,0,1,2424,0
6,20.4,1,0,1,888,0
13,28.9,3,0,1,776,1
18,13.4,1,0,3,2465,0
18,27.0,2,0,1,2574,0
1,-2.4,1,0,2,397,0
8,18.5,1,0,1,2696,0
12,13.8,2,0,3,948,1
14,15.4,1,0,1,1199,0
2,19.0,1,0,1,417,0
10,31.4,1,0,1,1174,0
20,8.5,1,0,1,778,0
13,-1.9,3,0,1,779,0
7,9.6,1,0,3,2879,0
17,30.2,1,0,2,2225,0
18,3.6,2,0,1,2858,1
15,14.3,1,0,1,1349,0
1,28.4,1,0,1,446,0
7,19.4,1,0,2,2230,0
21,31.3,3,0,1,756,0
5,-0.3,4,0,1,398,0
11,16.8,2,0,3,734,1
14,33.4,1,0,1,1135,0
7,8.7,2,0,2,2521,0
3,30.3,1,0,1,186,0
14,17.6,1,0,2,776,0
19,24.3,4,0,1,1091,1
16,32.6,1,0,1,2655,0
12,24.3,1,0,3,967,0
17,14.1,3,0,1,2006,0
1,25.6,2,0,1,246,0
12,13.4,1,0,1,638,0
12,22.7,1,0,1,1257,0
21,7.5,1,0,2,1043,0
14,20.3,1,0,1,1190,0
19,31.9,1,0,2,909,0
9,17.0,1,0,1,2518,0
2,30.9,4,0,1,303,0
18,50.9,1,0,2,2706,0
2,19.7,1,0,1,658,0
21,26.1,1,0,2,930,0
13,24.8,1,0,1,930,0
7,22.3,1,0,1,2450,0
22,27.9,3,0,1,680,0
3,17.5,3,0,1,769,0
19,13.4,1,0,1,663,0
10,4.7,3,0,1,1337,0
10,16.6,1,0,1,1127,0
10,29.0,2,0,1,983,0
1,10.6,1,0,1,132,0
16,22.5,3,0,1,1991,0
8,18.8,1,0,1,2387,1
1,13.8,1,0,1,576,0
23,1.5,2,0,1,426,0
14,33.6,1,0,1,1334,0
15,25.2,1,0,1,941,0
3,46.7,1,0,1,328,0
7,30.8,2,0,2,2480,0
8,33.4,1,0,1,2425,0
4,2.5,1,0,1,100,0
15,2.3,3,0,3,943,0
12,20.4,1,0,1,1068,0
6,8.5,1,0,1,990,0
19,13.2,2,0,2,1100,0
16,45.3,2,0,1,2417,0
2,31.9,4,0,3,243,1
4,10.6,1,0,3,472,0
18,-3.7,1,0,1,2699,0
11,9.8,3,0,3,1105,0
6,14.4,3,0,3,578,0
8,16.8,2,0,1,2307,0
5,7.2,1,0,3,100,1
16,31.3,1,0,1,2370,0
15,12.9,1,0,1,932,1
22,26.5,3,0,1,887,1
2,20.5,1,0,1,532,0
20,29.4,1,0,1,921,0
3,17.6,1,0,1,414,0
9,10.8,1,0,1,2755,0
4,14.0,1,0,1,208,0
20,14.2,2,0,1,943,0
21,40.6,1,0,1,1013,0
9,20.8,1,0,1,2164,0
11,20.0,1,0,2,1102,0
9,28.8,3,0,1,1759,0
12,20.0,4,0,1,957,1
10,31.2,2,0,1,913,0
21,16.3,2,0,1,897,0
15,15.3,1,0,1,804,0
7,10.2,2,0,3,2608,0
7,38.5,4,0,2,2106,0
7,19.3,1,0,1,2408,0
12,8.3,1,0,1,1359,0
1,22.0,4,0,1,246,1
11,13.5,2,0,1,997,0
9,16.1,1,0,1,2511,0
11,23.1,4,0,1,663,0
10,35.2,1,0,1,801,0
14,21.0,1,0,1,925,0
15,12.9,2,0,2,1126,0
16,15.0,1,0,1,2129,0
